datetime,open,high,low,close,volume
2026-07-09T15:00:00+00:00,186.12000000000018,186.18900000000016,186.08200000000016,186.12900000000016,15485
2026-07-09T16:00:00+00:00,186.12900000000016,186.15900000000016,186.09100000000018,186.12800000000016,11302
2026-07-09T17:00:00+00:00,186.12800000000016,186.14800000000017,186.08800000000016,186.10700000000017,8470
2026-07-09T18:00:00+00:00,186.10700000000017,186.12300000000016,186.08000000000015,186.09400000000016,9866
2026-07-09T19:00:00+00:00,186.09400000000016,186.10700000000017,186.04000000000016,186.05900000000017,9462
2026-07-09T20:00:00+00:00,186.05900000000017,186.10700000000017,186.03100000000018,186.06800000000015,5193
2026-07-09T21:00:00+00:00,186.06800000000015,186.10400000000016,186.03400000000016,186.06300000000016,2969.2904551483857
2026-07-09T22:00:00+00:00,186.06300000000016,186.13600000000017,186.05600000000015,186.11700000000016,2358
2026-07-09T23:00:00+00:00,186.11700000000016,186.13600000000017,186.09900000000016,186.12300000000016,3200
2026-07-10T00:00:00+00:00,186.12300000000016,186.16900000000015,185.70500000000015,185.88000000000017,22298
2026-07-10T01:00:00+00:00,185.88000000000017,185.90400000000017,185.50900000000016,185.63200000000018,35621
2026-07-10T02:00:00+00:00,185.63200000000018,185.65500000000017,185.31300000000016,185.48400000000018,30907
2026-07-10T03:00:00+00:00,185.48400000000018,185.52600000000015,185.31400000000016,185.41500000000016,17949
2026-07-10T04:00:00+00:00,185.41500000000016,185.52800000000016,185.40600000000018,185.43900000000016,11840
2026-07-10T05:00:00+00:00,185.43900000000016,185.45700000000016,185.25000000000017,185.34100000000018,19002
2026-07-10T06:00:00+00:00,185.34100000000018,185.39400000000018,185.22000000000017,185.37100000000018,23056
2026-07-10T07:00:00+00:00,185.37100000000018,185.56700000000018,185.35500000000016,185.42200000000017,24055
2026-07-10T08:00:00+00:00,185.42200000000017,185.43400000000017,185.22000000000017,185.30200000000016,24954
2026-07-10T09:00:00+00:00,185.30200000000016,185.48200000000017,185.28300000000016,185.41000000000017,20804
2026-07-10T10:00:00+00:00,185.41000000000017,185.49800000000016,185.34000000000017,185.44400000000016,20481
2026-07-10T11:00:00+00:00,185.44400000000016,185.52000000000015,185.36700000000016,185.49500000000018,20810
2026-07-10T12:00:00+00:00,185.49500000000018,185.52300000000017,185.32600000000016,185.40600000000018,24859
2026-07-10T13:00:00+00:00,185.40600000000018,185.41600000000017,185.22300000000016,185.24300000000017,21476
2026-07-10T14:00:00+00:00,185.24300000000017,185.36400000000017,185.17900000000017,185.33500000000018,27970
2026-07-10T15:00:00+00:00,185.33500000000018,185.36800000000017,184.94600000000017,185.00500000000017,30783
2026-07-10T16:00:00+00:00,185.00500000000017,185.14300000000017,184.98400000000018,185.09100000000018,22740
2026-07-10T17:00:00+00:00,185.09100000000018,185.11100000000016,185.00600000000017,185.05400000000017,15387
2026-07-10T18:00:00+00:00,185.05400000000017,185.09200000000016,185.03700000000018,185.07900000000018,13812
2026-07-10T19:00:00+00:00,185.07900000000018,185.12300000000016,185.06100000000018,185.12300000000016,10087
2026-07-10T20:00:00+00:00,185.12300000000016,185.15100000000015,185.02200000000016,185.04500000000016,7329
2026-07-12T21:00:00+00:00,185.04500000000016,185.26200000000014,185.04500000000016,185.18500000000014,1831.6703539823009
2026-07-12T22:00:00+00:00,185.18500000000014,185.39500000000015,185.17100000000016,185.35600000000017,10127
2026-07-12T23:00:00+00:00,185.35600000000017,185.41500000000016,185.33000000000015,185.35200000000015,11441
2026-07-13T00:00:00+00:00,185.35200000000015,185.45300000000015,185.29900000000015,185.44200000000015,26373
2026-07-13T01:00:00+00:00,185.44200000000015,185.47800000000015,185.27300000000017,185.34000000000015,22929
2026-07-13T02:00:00+00:00,185.34000000000015,185.44200000000015,185.32300000000015,185.40300000000016,17232
2026-07-13T03:00:00+00:00,185.40300000000016,185.47200000000015,185.38600000000017,185.47000000000017,16797
2026-07-13T04:00:00+00:00,185.47000000000017,185.49000000000015,185.41700000000014,185.46700000000016,13897
2026-07-13T05:00:00+00:00,185.46700000000016,185.78300000000016,185.44500000000016,185.69400000000016,23362
2026-07-13T06:00:00+00:00,185.69400000000016,185.83400000000015,185.66500000000016,185.70200000000017,26844
2026-07-13T07:00:00+00:00,185.70200000000017,186.00700000000015,185.37900000000016,185.92900000000014,31116
2026-07-13T08:00:00+00:00,185.92900000000014,186.19800000000015,185.91400000000016,186.08100000000016,27697
2026-07-13T09:00:00+00:00,186.08100000000016,186.10800000000015,185.85200000000015,185.91500000000016,18361
2026-07-13T10:00:00+00:00,185.91500000000016,186.07800000000015,185.91000000000017,186.06400000000016,20973
2026-07-13T11:00:00+00:00,186.06400000000016,186.07000000000016,185.95700000000016,185.99300000000017,23326
2026-07-13T12:00:00+00:00,185.99300000000017,186.07000000000016,185.93500000000014,186.03900000000016,22621
2026-07-13T13:00:00+00:00,186.03900000000016,186.04700000000017,185.88400000000016,185.90200000000016,27916
2026-07-13T14:00:00+00:00,185.90200000000016,185.95800000000017,185.80400000000014,185.90400000000017,35091
2026-07-13T15:00:00+00:00,185.90400000000017,185.92700000000016,185.74100000000016,185.80200000000016,21721
2026-07-13T16:00:00+00:00,185.80200000000016,185.82700000000017,185.63900000000015,185.74100000000016,25175
2026-07-13T17:00:00+00:00,185.74100000000016,185.76700000000017,185.68800000000016,185.71500000000015,17558
2026-07-13T18:00:00+00:00,185.71500000000015,185.74300000000017,185.61000000000016,185.61500000000015,16613
2026-07-13T19:00:00+00:00,185.61500000000015,185.66200000000015,185.61000000000016,185.65600000000015,15257
2026-07-13T20:00:00+00:00,185.65600000000015,185.65900000000016,185.58100000000016,185.58600000000015,6021
2026-07-13T21:00:00+00:00,185.58600000000015,185.70000000000016,185.54500000000016,185.59200000000016,1798.4212367527523
2026-07-13T22:00:00+00:00,185.59200000000016,185.67000000000016,185.59200000000016,185.60900000000015,2279
2026-07-13T23:00:00+00:00,185.60900000000015,185.62900000000016,185.57200000000014,185.62400000000017,5963
2026-07-14T00:00:00+00:00,185.62400000000017,185.67800000000017,185.48600000000016,185.59900000000016,29763
2026-07-14T01:00:00+00:00,185.59900000000016,185.71400000000017,185.57600000000016,185.68300000000016,19343
2026-07-14T02:00:00+00:00,185.68300000000016,185.72600000000017,185.63000000000017,185.63300000000015,13796
2026-07-14T03:00:00+00:00,185.63300000000015,185.68900000000016,185.59700000000015,185.63500000000016,14930
2026-07-14T04:00:00+00:00,185.63500000000016,185.67000000000016,185.56800000000015,185.62000000000015,12637
2026-07-14T05:00:00+00:00,185.62000000000015,185.67000000000016,185.58100000000016,185.60500000000016,13876
2026-07-14T06:00:00+00:00,185.60500000000016,185.66900000000015,185.55200000000016,185.57900000000015,19721
2026-07-14T07:00:00+00:00,185.57900000000015,185.74200000000016,185.56700000000015,185.73400000000015,23237
2026-07-14T08:00:00+00:00,185.73400000000015,185.81500000000017,185.52200000000016,185.71600000000015,22157
2026-07-14T09:00:00+00:00,185.71600000000015,185.73200000000017,185.56700000000015,185.63900000000015,18451
2026-07-14T10:00:00+00:00,185.63900000000015,185.64300000000014,185.55400000000014,185.57200000000014,15434
2026-07-14T11:00:00+00:00,185.57200000000014,185.78100000000015,185.54000000000016,185.74300000000017,18572
2026-07-14T12:00:00+00:00,185.74300000000017,186.11300000000017,185.54200000000014,186.05300000000017,47219
2026-07-14T13:00:00+00:00,186.05300000000017,186.21300000000016,186.02400000000014,186.15500000000014,40108
2026-07-14T14:00:00+00:00,186.15500000000014,186.22200000000015,186.02000000000015,186.10700000000017,35138
2026-07-14T15:00:00+00:00,186.10700000000017,186.16400000000016,186.01200000000014,186.01200000000014,34624
2026-07-14T16:00:00+00:00,186.01200000000014,186.10600000000017,186.01000000000016,186.06100000000015,16398
2026-07-14T17:00:00+00:00,186.06100000000015,186.08800000000016,185.98700000000017,186.01100000000017,16604
2026-07-14T18:00:00+00:00,186.01100000000017,186.04700000000017,185.98500000000016,186.01400000000015,18648
2026-07-14T19:00:00+00:00,186.01400000000015,186.02200000000016,185.95100000000016,185.98200000000017,17144
2026-07-14T20:00:00+00:00,185.98200000000017,186.05000000000015,185.95700000000016,185.98500000000016,7477
2026-07-14T21:00:00+00:00,185.98500000000016,185.99000000000015,185.88600000000017,185.97000000000017,2600.547953048955
2026-07-14T22:00:00+00:00,185.97000000000017,186.02300000000017,185.96900000000016,186.01400000000015,3348
2026-07-14T23:00:00+00:00,186.01400000000015,186.02700000000016,185.97900000000016,186.02700000000016,5108
2026-07-15T00:00:00+00:00,186.02700000000016,186.11000000000016,186.00200000000015,186.05800000000016,18485
2026-07-15T01:00:00+00:00,186.05800000000016,186.11000000000016,185.95700000000016,186.09200000000016,18558
2026-07-15T02:00:00+00:00,186.09200000000016,186.19600000000017,186.06400000000016,186.18300000000016,13881
2026-07-15T03:00:00+00:00,186.18300000000016,186.20900000000015,186.14800000000017,186.18700000000015,13261
2026-07-15T04:00:00+00:00,186.18700000000015,186.30100000000016,186.17000000000016,186.25300000000016,8852
2026-07-15T05:00:00+00:00,186.25300000000016,186.34900000000016,186.21100000000015,186.29600000000016,13943
2026-07-15T06:00:00+00:00,186.29600000000016,186.32900000000015,186.10600000000017,186.11600000000016,17314
2026-07-15T07:00:00+00:00,186.11600000000016,186.17600000000016,186.05900000000017,186.09300000000016,16535
2026-07-15T08:00:00+00:00,186.09300000000016,186.19100000000014,186.09200000000016,186.14600000000016,17953
2026-07-15T09:00:00+00:00,186.14600000000016,186.16600000000017,186.07000000000016,186.10000000000016,18930
2026-07-15T10:00:00+00:00,186.10000000000016,186.13000000000017,186.00700000000015,186.03900000000016,16209
2026-07-15T11:00:00+00:00,186.03900000000016,186.13600000000017,185.97100000000015,185.99400000000014,20441
2026-07-15T12:00:00+00:00,185.99400000000014,186.14100000000016,185.94100000000014,186.06000000000014,26607
2026-07-15T13:00:00+00:00,186.06000000000014,186.17800000000017,186.05500000000015,186.13500000000016,27179
2026-07-15T14:00:00+00:00,186.13500000000016,186.26900000000015,186.10800000000015,186.17300000000014,31490
2026-07-15T15:00:00+00:00,186.17300000000014,186.25400000000016,186.07600000000016,186.13100000000014,24516
2026-07-15T16:00:00+00:00,186.13100000000014,186.28400000000016,186.09200000000016,186.28100000000015,18712
2026-07-15T17:00:00+00:00,186.28100000000015,186.61000000000016,186.27700000000016,186.58300000000017,20561
2026-07-15T18:00:00+00:00,186.58300000000017,186.64100000000016,186.50800000000015,186.54000000000013,18626.400444489343
2026-07-15T19:00:00+00:00,186.54000000000013,186.73300000000012,186.52000000000012,186.70600000000013,18437
2026-07-15T20:00:00+00:00,186.70600000000013,186.70700000000014,186.62800000000013,186.62800000000013,7641
2026-07-15T21:00:00+00:00,186.62800000000013,186.62800000000013,186.49800000000013,186.56000000000012,2493.4546759175873
2026-07-15T22:00:00+00:00,186.56000000000012,186.66000000000014,186.55700000000013,186.61600000000013,4126.480810368693
2026-07-15T23:00:00+00:00,186.61600000000013,186.6290000000001,186.57800000000012,186.61600000000013,5412
2026-07-16T00:00:00+00:00,186.61600000000013,186.71000000000012,186.57900000000012,186.7020000000001,17821
2026-07-16T01:00:00+00:00,186.7020000000001,186.70600000000013,186.5400000000001,186.58600000000013,15070
2026-07-16T02:00:00+00:00,186.58600000000013,186.63200000000012,186.53700000000012,186.6170000000001,12799
2026-07-16T03:00:00+00:00,186.6170000000001,186.6180000000001,186.57300000000012,186.57900000000012,9151
2026-07-16T04:00:00+00:00,186.57900000000012,186.61600000000013,186.5520000000001,186.5820000000001,7782
2026-07-16T05:00:00+00:00,186.5820000000001,186.6470000000001,186.57200000000012,186.6070000000001,11842
2026-07-16T06:00:00+00:00,186.6070000000001,186.68800000000013,186.60200000000012,186.6410000000001,17904
2026-07-16T07:00:00+00:00,186.6410000000001,186.6650000000001,186.48900000000012,186.61400000000012,20997
2026-07-16T08:00:00+00:00,186.61400000000012,186.65800000000013,186.53300000000013,186.6310000000001,19603
2026-07-16T09:00:00+00:00,186.6310000000001,186.67500000000013,186.56600000000012,186.66800000000012,16753
2026-07-16T10:00:00+00:00,186.66800000000012,186.70500000000013,186.52400000000011,186.54300000000012,13543
2026-07-16T11:00:00+00:00,186.54300000000012,186.70300000000012,186.50700000000012,186.6840000000001,20166
2026-07-16T12:00:00+00:00,186.6840000000001,186.7440000000001,186.4940000000001,186.50700000000012,22655
2026-07-16T13:00:00+00:00,186.50700000000012,186.65500000000011,186.4690000000001,186.57500000000013,25787
2026-07-16T14:00:00+00:00,186.57500000000013,186.67500000000013,186.53800000000012,186.60200000000012,22659
2026-07-16T15:00:00+00:00,186.60200000000012,186.68200000000013,186.52600000000012,186.64500000000012,20220
2026-07-16T16:00:00+00:00,186.64500000000012,186.64900000000011,186.5040000000001,186.50800000000012,15619
2026-07-16T17:00:00+00:00,186.50800000000012,186.52500000000012,186.46000000000012,186.4630000000001,11001
2026-07-16T18:00:00+00:00,186.4630000000001,186.4750000000001,186.4270000000001,186.46600000000012,11084
2026-07-16T19:00:00+00:00,186.46600000000012,186.51800000000011,186.4390000000001,186.51500000000013,9207
2026-07-16T20:00:00+00:00,186.51500000000013,186.53600000000012,186.4510000000001,186.4880000000001,5120
2026-07-16T21:00:00+00:00,186.4880000000001,186.52500000000012,186.4380000000001,186.4920000000001,888.7803695632991
2026-07-16T22:00:00+00:00,186.4920000000001,186.5210000000001,186.46500000000012,186.5100000000001,2340
2026-07-16T23:00:00+00:00,186.5100000000001,186.5700000000001,186.4960000000001,186.5620000000001,3944
2026-07-17T00:00:00+00:00,186.5620000000001,186.6360000000001,186.4980000000001,186.63200000000012,13086
2026-07-17T01:00:00+00:00,186.63200000000012,186.6640000000001,186.53100000000012,186.56100000000012,13788
2026-07-17T02:00:00+00:00,186.56100000000012,186.5710000000001,186.39300000000011,186.41800000000012,11046
2026-07-17T03:00:00+00:00,186.41800000000012,186.4930000000001,186.4150000000001,186.4810000000001,10122
2026-07-17T04:00:00+00:00,186.4810000000001,186.4990000000001,186.4310000000001,186.45900000000012,7789
2026-07-17T05:00:00+00:00,186.45900000000012,186.53600000000012,186.4500000000001,186.5000000000001,11745
2026-07-17T06:00:00+00:00,186.5000000000001,186.66800000000012,186.3670000000001,186.5030000000001,22329
2026-07-17T07:00:00+00:00,186.5030000000001,186.51900000000012,186.34100000000012,186.4490000000001,19492
2026-07-17T08:00:00+00:00,186.4490000000001,186.5350000000001,186.3890000000001,186.5090000000001,21958
2026-07-17T09:00:00+00:00,186.5090000000001,186.5700000000001,186.4500000000001,186.4640000000001,15696
2026-07-17T10:00:00+00:00,186.4640000000001,186.4700000000001,186.2360000000001,186.2400000000001,14862
2026-07-17T11:00:00+00:00,186.2400000000001,186.3420000000001,186.1890000000001,186.2960000000001,16303
2026-07-17T12:00:00+00:00,186.2960000000001,186.3730000000001,186.2530000000001,186.33500000000012,19324
2026-07-17T13:00:00+00:00,186.33500000000012,186.44200000000012,186.2790000000001,186.3890000000001,25813
2026-07-17T14:00:00+00:00,186.3890000000001,186.5270000000001,186.3480000000001,186.5050000000001,24725
2026-07-17T15:00:00+00:00,186.5050000000001,186.54800000000012,186.4620000000001,186.5390000000001,20479
2026-07-17T16:00:00+00:00,186.5390000000001,186.6180000000001,186.4930000000001,186.5050000000001,14883
2026-07-17T17:00:00+00:00,186.5050000000001,186.5210000000001,186.4610000000001,186.4610000000001,10461
2026-07-17T18:00:00+00:00,186.4610000000001,186.5040000000001,186.4450000000001,186.4740000000001,8182
2026-07-17T19:00:00+00:00,186.4740000000001,186.54800000000012,186.45400000000012,186.5060000000001,9653
2026-07-17T20:00:00+00:00,186.5060000000001,186.5280000000001,186.42900000000012,186.4370000000001,5937
2026-07-19T21:00:00+00:00,186.4370000000001,186.4900000000001,186.37300000000008,186.44000000000008,1414.9937074218722
2026-07-19T22:00:00+00:00,186.44000000000008,186.6510000000001,186.4240000000001,186.5540000000001,7548
2026-07-19T23:00:00+00:00,186.5540000000001,186.5940000000001,186.5270000000001,186.5790000000001,6898
2026-07-20T00:00:00+00:00,186.5790000000001,186.6230000000001,186.4480000000001,186.4650000000001,15978
2026-07-20T01:00:00+00:00,186.4650000000001,186.5370000000001,186.4470000000001,186.5350000000001,15103
2026-07-20T02:00:00+00:00,186.5350000000001,186.6360000000001,186.5130000000001,186.62500000000009,11434
2026-07-20T03:00:00+00:00,186.62500000000009,186.6470000000001,186.5900000000001,186.6410000000001,9614
2026-07-20T04:00:00+00:00,186.6410000000001,186.6860000000001,186.63700000000009,186.6460000000001,7512
2026-07-20T05:00:00+00:00,186.6460000000001,186.6610000000001,186.5840000000001,186.6180000000001,9619
2026-07-20T06:00:00+00:00,186.6180000000001,186.6430000000001,186.5230000000001,186.5770000000001,16633
2026-07-20T07:00:00+00:00,186.5770000000001,186.7350000000001,186.5640000000001,186.6690000000001,20878
2026-07-20T08:00:00+00:00,186.6690000000001,186.6860000000001,186.5680000000001,186.5940000000001,15835
2026-07-20T09:00:00+00:00,186.5940000000001,186.6110000000001,186.4710000000001,186.50000000000009,13890
2026-07-20T10:00:00+00:00,186.50000000000009,186.5690000000001,186.4870000000001,186.50600000000009,12661
2026-07-20T11:00:00+00:00,186.50600000000009,186.5850000000001,186.3950000000001,186.4130000000001,21671
2026-07-20T12:00:00+00:00,186.4130000000001,186.4510000000001,186.2780000000001,186.3940000000001,21093
2026-07-20T13:00:00+00:00,186.3940000000001,186.4020000000001,186.2470000000001,186.3300000000001,19908
2026-07-20T14:00:00+00:00,186.3300000000001,186.4390000000001,186.2070000000001,186.24400000000009,23249
2026-07-20T15:00:00+00:00,186.24400000000009,186.3780000000001,186.24400000000009,186.3720000000001,18692
2026-07-20T16:00:00+00:00,186.3720000000001,186.4270000000001,186.3170000000001,186.3270000000001,15032
2026-07-20T17:00:00+00:00,186.3270000000001,186.3360000000001,186.2830000000001,186.2950000000001,11775
2026-07-20T18:00:00+00:00,186.2950000000001,186.3710000000001,186.2940000000001,186.3640000000001,14806
2026-07-20T19:00:00+00:00,186.3640000000001,186.3840000000001,186.3300000000001,186.3840000000001,14099
2026-07-20T20:00:00+00:00,186.3840000000001,186.3890000000001,186.3090000000001,186.3090000000001,6068
2026-07-20T21:00:00+00:00,186.3090000000001,186.3530000000001,186.25300000000007,186.25500000000008,1946.5235549354766
2026-07-20T22:00:00+00:00,186.25500000000008,186.32400000000007,186.25500000000008,186.3230000000001,2702
2026-07-20T23:00:00+00:00,186.3230000000001,186.36000000000007,186.30700000000007,186.35700000000008,3579
2026-07-21T00:00:00+00:00,186.35700000000008,186.38600000000008,186.3170000000001,186.36600000000007,15243
2026-07-21T01:00:00+00:00,186.36600000000007,186.37700000000007,186.27900000000008,186.35600000000008,13339
2026-07-21T02:00:00+00:00,186.35600000000008,186.39500000000007,186.2750000000001,186.2810000000001,12450
2026-07-21T03:00:00+00:00,186.2810000000001,186.3230000000001,186.2680000000001,186.2980000000001,11306
2026-07-21T04:00:00+00:00,186.2980000000001,186.39200000000008,186.2920000000001,186.3880000000001,8624
2026-07-21T05:00:00+00:00,186.3880000000001,186.44400000000007,186.36600000000007,186.40700000000007,13057
2026-07-21T06:00:00+00:00,186.40700000000007,186.5360000000001,186.39500000000007,186.4890000000001,16518
2026-07-21T07:00:00+00:00,186.4890000000001,186.63500000000008,186.4890000000001,186.59800000000007,14293
2026-07-21T08:00:00+00:00,186.59800000000007,186.70000000000007,186.57400000000007,186.6620000000001,10526
2026-07-21T09:00:00+00:00,186.6620000000001,186.7510000000001,186.6440000000001,186.67000000000007,11776
2026-07-21T10:00:00+00:00,186.67000000000007,186.7810000000001,186.62900000000008,186.63100000000009,16026
2026-07-21T11:00:00+00:00,186.63100000000009,186.75600000000009,186.62700000000007,186.69000000000008,13639
2026-07-21T12:00:00+00:00,186.69000000000008,186.74300000000008,186.60600000000008,186.64500000000007,17344
2026-07-21T13:00:00+00:00,186.64500000000007,186.73500000000007,186.57000000000008,186.71300000000008,22863
2026-07-21T14:00:00+00:00,186.71300000000008,186.8880000000001,186.6800000000001,186.79400000000007,22205
2026-07-21T15:00:00+00:00,186.79400000000007,186.83200000000008,186.7210000000001,186.8170000000001,17549
2026-07-21T16:00:00+00:00,186.8170000000001,186.84900000000007,186.7870000000001,186.81800000000007,10185
2026-07-21T17:00:00+00:00,186.81800000000007,186.85000000000008,186.7930000000001,186.82500000000007,10007
2026-07-21T18:00:00+00:00,186.82500000000007,186.98200000000008,186.7920000000001,186.94400000000007,16555
2026-07-21T19:00:00+00:00,186.94400000000007,186.97400000000007,186.91600000000008,186.94300000000007,16084
2026-07-21T20:00:00+00:00,186.94300000000007,186.9830000000001,186.83800000000008,186.8400000000001,9643
2026-07-21T21:00:00+00:00,186.8400000000001,186.87800000000007,186.7690000000001,186.8640000000001,816
2026-07-21T22:00:00+00:00,186.8640000000001,186.9110000000001,186.8640000000001,186.90900000000008,3272
2026-07-21T23:00:00+00:00,186.90900000000008,186.95500000000007,186.89500000000007,186.9360000000001,4450
2026-07-22T00:00:00+00:00,186.9360000000001,186.9540000000001,186.8230000000001,186.90400000000008,21000
2026-07-22T01:00:00+00:00,186.90400000000008,186.94400000000007,186.87400000000008,186.90200000000007,14894
2026-07-22T02:00:00+00:00,186.90200000000007,186.95500000000007,186.88900000000007,186.90900000000008,13503
2026-07-22T03:00:00+00:00,186.90900000000008,186.9840000000001,186.90800000000007,186.98000000000008,12368
2026-07-22T04:00:00+00:00,186.98000000000008,187.02300000000008,186.96200000000007,187.01400000000007,9281
2026-07-22T05:00:00+00:00,187.01400000000007,187.02700000000007,186.9060000000001,186.93700000000007,15073
2026-07-22T06:00:00+00:00,186.93700000000007,187.02800000000008,186.91300000000007,186.97900000000007,17898
2026-07-22T07:00:00+00:00,186.97900000000007,187.05100000000007,186.61100000000008,186.76700000000008,22820
2026-07-22T08:00:00+00:00,186.76700000000008,186.92100000000008,186.71700000000007,186.79400000000007,18677
2026-07-22T09:00:00+00:00,186.79400000000007,186.8940000000001,186.78300000000007,186.79700000000008,16875
2026-07-22T10:00:00+00:00,186.79700000000008,186.86600000000007,186.74900000000008,186.76600000000008,14138
2026-07-22T11:00:00+00:00,186.76600000000008,186.88400000000007,186.73600000000008,186.87900000000008,16468
2026-07-22T12:00:00+00:00,186.87900000000008,186.97400000000007,186.86200000000008,186.93300000000008,17736
2026-07-22T13:00:00+00:00,186.93300000000008,187.0550000000001,186.91000000000008,186.9710000000001,23366
2026-07-22T14:00:00+00:00,186.9710000000001,187.04700000000008,186.91000000000008,186.96300000000008,23265
2026-07-22T15:00:00+00:00,186.96300000000008,187.0300000000001,186.92100000000008,186.99700000000007,19239
2026-07-22T16:00:00+00:00,186.99700000000007,187.00300000000007,186.90100000000007,186.95700000000008,16146
2026-07-22T17:00:00+00:00,186.95700000000008,187.04600000000008,186.95600000000007,187.0250000000001,15854
2026-07-22T18:00:00+00:00,187.0250000000001,187.0420000000001,186.96100000000007,187.00600000000009,16547
2026-07-22T19:00:00+00:00,187.00600000000009,187.05000000000007,187.00200000000007,187.03400000000008,10493
2026-07-22T20:00:00+00:00,187.03400000000008,187.06800000000007,186.99100000000007,186.99100000000007,6893
2026-07-22T21:00:00+00:00,186.99100000000007,186.99100000000007,186.9000000000001,186.93300000000008,1370.7070251710052
2026-07-22T22:00:00+00:00,186.93300000000008,186.97400000000007,186.9050000000001,186.94400000000007,3164
2026-07-22T23:00:00+00:00,186.94400000000007,186.99000000000007,186.93400000000008,186.96700000000007,4110
2026-07-23T00:00:00+00:00,186.96700000000007,187.05000000000007,186.9650000000001,187.02800000000008,14934
2026-07-23T01:00:00+00:00,187.02800000000008,187.07000000000008,186.9650000000001,187.0190000000001,19377
2026-07-23T02:00:00+00:00,187.0190000000001,187.2160000000001,187.01700000000008,187.20800000000008,11159
2026-07-23T03:00:00+00:00,187.20800000000008,187.23500000000007,187.1560000000001,187.2040000000001,14222
2026-07-23T04:00:00+00:00,187.2040000000001,187.3220000000001,187.19400000000007,187.29400000000007,12722
2026-07-23T05:00:00+00:00,187.29400000000007,187.3350000000001,187.24600000000007,187.2920000000001,10675
2026-07-23T06:00:00+00:00,187.2920000000001,187.34400000000008,187.1800000000001,187.2210000000001,15347
2026-07-23T07:00:00+00:00,187.2210000000001,187.52600000000007,187.20700000000008,187.44300000000007,24411
2026-07-23T08:00:00+00:00,187.44300000000007,187.47600000000008,187.2270000000001,187.2390000000001,20141
2026-07-23T09:00:00+00:00,187.2390000000001,187.3280000000001,187.23500000000007,187.31300000000007,13856
2026-07-23T10:00:00+00:00,187.31300000000007,187.31800000000007,187.1620000000001,187.18400000000008,16515
2026-07-23T11:00:00+00:00,187.18400000000008,187.1980000000001,186.89100000000008,187.15100000000007,25170
2026-07-23T12:00:00+00:00,187.15100000000007,187.21100000000007,186.9840000000001,187.2040000000001,25247
2026-07-23T13:00:00+00:00,187.2040000000001,187.37400000000008,187.06400000000008,187.32700000000008,33111
2026-07-23T14:00:00+00:00,187.32700000000008,187.35000000000008,187.1680000000001,187.26600000000008,32194
2026-07-23T15:00:00+00:00,187.26600000000008,187.29400000000007,187.0850000000001,187.15400000000008,29013
2026-07-23T16:00:00+00:00,187.15400000000008,187.23500000000007,187.15200000000007,187.2280000000001,20890
2026-07-23T17:00:00+00:00,187.2280000000001,187.23500000000007,187.15700000000007,187.1740000000001,23278
2026-07-23T18:00:00+00:00,187.1740000000001,187.2100000000001,187.1550000000001,187.20700000000008,15501
2026-07-23T19:00:00+00:00,187.20700000000008,187.27200000000008,187.1910000000001,187.25200000000007,15412
2026-07-23T20:00:00+00:00,187.25200000000007,187.31500000000008,187.21900000000008,187.2220000000001,5580
2026-07-23T21:00:00+00:00,187.2220000000001,187.27300000000005,187.17300000000006,187.18100000000007,1244.3217964152839
2026-07-23T22:00:00+00:00,187.18100000000007,187.31600000000006,187.18100000000007,187.31500000000005,2471
2026-07-23T23:00:00+00:00,187.31500000000005,187.32100000000005,187.24100000000007,187.25700000000006,5300
2026-07-24T00:00:00+00:00,187.25700000000006,187.39600000000007,187.24100000000007,187.34900000000007,19356
2026-07-24T01:00:00+00:00,187.34900000000007,187.40400000000005,187.28100000000006,187.30400000000006,18039
2026-07-24T02:00:00+00:00,187.30400000000006,187.32800000000006,187.25300000000007,187.25300000000007,12614
2026-07-24T03:00:00+00:00,187.25300000000007,187.34100000000007,187.23400000000007,187.30800000000008,12180
2026-07-24T04:00:00+00:00,187.30800000000008,187.35300000000007,187.25800000000007,187.28400000000008,11227
2026-07-24T05:00:00+00:00,187.28400000000008,187.34300000000007,187.26000000000008,187.27800000000008,11266
2026-07-24T06:00:00+00:00,187.27800000000008,187.36300000000006,187.22400000000007,187.34000000000006,15604
2026-07-24T07:00:00+00:00,187.34000000000006,187.46900000000008,187.27400000000006,187.39500000000007,19917
2026-07-24T08:00:00+00:00,187.39500000000007,187.40300000000008,187.23800000000006,187.24700000000007,17152
2026-07-24T09:00:00+00:00,187.24700000000007,187.33000000000007,187.24500000000006,187.28900000000007,14766
2026-07-24T10:00:00+00:00,187.28900000000007,187.38200000000006,187.27100000000007,187.30800000000008,14220
2026-07-24T11:00:00+00:00,187.30800000000008,187.36300000000006,187.16000000000005,187.19100000000006,15870
2026-07-24T12:00:00+00:00,187.19100000000006,187.25000000000006,187.10300000000007,187.16200000000006,19021
2026-07-24T13:00:00+00:00,187.16200000000006,187.22500000000008,187.10500000000008,187.19500000000008,20290
2026-07-24T14:00:00+00:00,187.19500000000008,187.23300000000006,187.10600000000008,187.18900000000008,24025
2026-07-24T15:00:00+00:00,187.18900000000008,187.30500000000006,187.18000000000006,187.24300000000005,25708
2026-07-24T16:00:00+00:00,187.24300000000005,187.26900000000006,187.19700000000006,187.21000000000006,14777
2026-07-24T17:00:00+00:00,187.21000000000006,187.22500000000008,187.10100000000006,187.11300000000006,15354
2026-07-24T18:00:00+00:00,187.11300000000006,187.15700000000007,187.09400000000008,187.15000000000006,9978
2026-07-24T19:00:00+00:00,187.15000000000006,187.17700000000008,187.12500000000006,187.16300000000007,9310
2026-07-24T20:00:00+00:00,187.16300000000007,187.18000000000006,186.273,186.279,4812
2026-07-26T21:00:00+00:00,186.279,186.397,186.22699999999998,186.26299999999998,2418.582487743034
2026-07-26T22:00:00+00:00,186.26299999999998,186.40699999999998,186.26299999999998,186.35399999999998,6604
2026-07-26T23:00:00+00:00,186.35399999999998,186.38,186.325,186.356,7098
2026-07-27T00:00:00+00:00,186.356,186.557,186.32699999999997,186.48299999999998,21316
2026-07-27T01:00:00+00:00,186.48299999999998,186.53199999999998,186.44199999999998,186.51799999999997,14769
2026-07-27T02:00:00+00:00,186.51799999999997,186.53699999999998,186.46499999999997,186.48399999999998,11238
2026-07-27T03:00:00+00:00,186.48399999999998,186.50099999999998,186.44699999999997,186.45399999999998,9514
2026-07-27T04:00:00+00:00,186.45399999999998,186.47699999999998,186.433,186.45499999999998,7442
2026-07-27T05:00:00+00:00,186.45499999999998,186.52599999999998,186.444,186.51,9258
2026-07-27T06:00:00+00:00,186.51,186.65599999999998,186.46399999999997,186.46399999999997,17713
2026-07-27T07:00:00+00:00,186.46399999999997,186.46499999999997,186.213,186.27399999999997,22376
2026-07-27T08:00:00+00:00,186.27399999999997,186.378,186.25099999999998,186.368,18317
2026-07-27T09:00:00+00:00,186.368,186.409,186.266,186.28699999999998,16571
2026-07-27T10:00:00+00:00,186.28699999999998,186.39,186.27999999999997,186.337,18036
2026-07-27T11:00:00+00:00,186.337,186.35899999999998,186.22699999999998,186.259,18443
2026-07-27T12:00:00+00:00,186.259,186.31099999999998,186.14399999999998,186.24999999999997,18947
2026-07-27T13:00:00+00:00,186.24999999999997,186.284,186.14399999999998,186.17,23821
2026-07-27T14:00:00+00:00,186.17,186.18399999999997,186.08299999999997,186.09699999999998,22570
2026-07-27T15:00:00+00:00,186.09699999999998,186.165,186.041,186.14299999999997,19721
2026-07-27T16:00:00+00:00,186.14299999999997,186.20199999999997,186.117,186.152,18997
2026-07-27T17:00:00+00:00,186.152,186.15699999999998,186.04699999999997,186.11399999999998,17787
2026-07-27T18:00:00+00:00,186.11399999999998,186.11599999999999,186.06099999999998,186.105,14208
2026-07-27T19:00:00+00:00,186.105,186.11399999999998,186.064,186.08899999999997,11370
2026-07-27T20:00:00+00:00,186.08899999999997,186.13,186.028,186.028,5069
2026-07-27T21:00:00+00:00,186.028,186.09699999999998,185.95899999999997,186.06099999999998,5439
2026-07-27T22:00:00+00:00,186.06099999999998,186.11399999999998,186.033,186.08299999999997,2363
2026-07-27T23:00:00+00:00,186.08299999999997,186.123,186.05999999999997,186.12099999999998,4529
2026-07-28T00:00:00+00:00,186.12099999999998,186.19099999999997,186.10099999999997,186.17,16374
2026-07-28T01:00:00+00:00,186.17,186.22099999999998,186.14899999999997,186.171,15389
2026-07-28T02:00:00+00:00,186.171,186.213,186.13099999999997,186.176,13823
2026-07-28T03:00:00+00:00,186.176,186.23399999999998,186.159,186.19099999999997,13904
2026-07-28T04:00:00+00:00,186.19099999999997,186.194,186.069,186.08299999999997,10284
2026-07-28T05:00:00+00:00,186.08299999999997,186.093,185.96399999999997,186.022,13488
2026-07-28T06:00:00+00:00,186.022,186.082,185.97899999999998,186.034,17279
2026-07-28T07:00:00+00:00,186.034,186.14299999999997,186.01799999999997,186.05299999999997,17805
2026-07-28T08:00:00+00:00,186.05299999999997,186.231,186.052,186.22699999999998,18099
2026-07-28T09:00:00+00:00,186.22699999999998,186.23899999999998,186.015,186.02399999999997,11810
2026-07-28T10:00:00+00:00,186.02399999999997,186.194,185.99099999999999,186.16099999999997,14652
2026-07-28T11:00:00+00:00,186.16099999999997,186.271,186.094,186.22799999999998,16305
2026-07-28T12:00:00+00:00,186.22799999999998,186.254,186.118,186.17899999999997,16157
2026-07-28T13:00:00+00:00,186.17899999999997,186.25199999999998,186.17499999999998,186.23799999999997,22034
2026-07-28T14:00:00+00:00,186.23799999999997,186.504,186.219,186.48899999999998,24238
2026-07-28T15:00:00+00:00,186.48899999999998,186.53799999999998,186.432,186.48399999999998,31783
2026-07-28T16:00:00+00:00,186.48399999999998,186.60399999999998,186.48399999999998,186.51899999999998,20290
2026-07-28T17:00:00+00:00,186.51899999999998,186.54299999999998,186.47299999999998,186.48,19741
2026-07-28T18:00:00+00:00,186.48,186.504,186.44299999999998,186.503,13764
2026-07-28T19:00:00+00:00,186.503,186.557,186.49399999999997,186.50599999999997,13552
2026-07-28T20:00:00+00:00,186.50599999999997,186.53599999999997,186.45399999999998,186.45399999999998,10000
2026-07-28T21:00:00+00:00,186.45399999999998,186.55599999999998,186.379,186.499,1299.557088767354
2026-07-28T22:00:00+00:00,186.499,186.53199999999998,186.452,186.464,3891
2026-07-28T23:00:00+00:00,186.464,186.505,186.42899999999997,186.504,5243
2026-07-29T00:00:00+00:00,186.504,186.511,186.326,186.39499999999998,16935
2026-07-29T01:00:00+00:00,186.39499999999998,186.462,186.375,186.42299999999997,18917
2026-07-29T02:00:00+00:00,186.42299999999997,186.48999999999998,186.396,186.47299999999998,14573
2026-07-29T03:00:00+00:00,186.47299999999998,186.50799999999998,186.38899999999998,186.404,13357
2026-07-29T04:00:00+00:00,186.404,186.41799999999998,186.10199999999998,186.244,22802
2026-07-29T05:00:00+00:00,186.244,186.284,186.159,186.274,15867
2026-07-29T06:00:00+00:00,186.274,186.332,186.178,186.213,19841
2026-07-29T07:00:00+00:00,186.213,186.49699999999999,186.195,186.47899999999998,19805
2026-07-29T08:00:00+00:00,186.47899999999998,186.49499999999998,186.333,186.35,17271
2026-07-29T09:00:00+00:00,186.35,186.363,186.22799999999998,186.31199999999998,15431
2026-07-29T10:00:00+00:00,186.31199999999998,186.36799999999997,186.24399999999997,186.26099999999997,15855
2026-07-29T11:00:00+00:00,186.26099999999997,186.32799999999997,186.18399999999997,186.19499999999996,14687
2026-07-29T12:00:00+00:00,186.19499999999996,186.34099999999998,186.17199999999997,186.30599999999998,20778
2026-07-29T13:00:00+00:00,186.30599999999998,186.47799999999998,186.265,186.47099999999998,19320
2026-07-29T14:00:00+00:00,186.47099999999998,186.59799999999998,186.42899999999997,186.44899999999998,24561
2026-07-29T15:00:00+00:00,186.44899999999998,186.47199999999998,186.36899999999997,186.44699999999997,19221
2026-07-29T16:00:00+00:00,186.44699999999997,186.52599999999998,186.39399999999998,186.52499999999998,14254
2026-07-29T17:00:00+00:00,186.52499999999998,186.63699999999997,186.51599999999996,186.52799999999996,15316
2026-07-29T18:00:00+00:00,186.52799999999996,186.98899999999998,186.47099999999998,186.95399999999998,45487
2026-07-29T19:00:00+00:00,186.95399999999998,187.18899999999996,186.90099999999998,187.11499999999998,47629
2026-07-29T20:00:00+00:00,187.11499999999998,187.40099999999998,187.11199999999997,187.259,21515
2026-07-29T21:00:00+00:00,187.259,187.27199999999996,187.10899999999998,187.20099999999996,4491
2026-07-29T22:00:00+00:00,187.20099999999996,187.36399999999998,187.20099999999996,187.35799999999998,4753
2026-07-29T23:00:00+00:00,187.35799999999998,187.35899999999998,187.18099999999998,187.18999999999997,8655
2026-07-30T00:00:00+00:00,187.18999999999997,187.25799999999998,187.08299999999997,187.25599999999997,23348
2026-07-30T01:00:00+00:00,187.25599999999997,187.259,187.17299999999997,187.18999999999997,15785
2026-07-30T02:00:00+00:00,187.18999999999997,187.19599999999997,187.14099999999996,187.16599999999997,10580
2026-07-30T03:00:00+00:00,187.16599999999997,187.21299999999997,187.12999999999997,187.13199999999998,12152
2026-07-30T04:00:00+00:00,187.13199999999998,187.17699999999996,187.12099999999998,187.14199999999997,10251
2026-07-30T05:00:00+00:00,187.14199999999997,187.23599999999996,187.14,187.17699999999996,12225
2026-07-30T06:00:00+00:00,187.17699999999996,187.28199999999998,187.13899999999998,187.24599999999998,16785
2026-07-30T07:00:00+00:00,187.24599999999998,187.28099999999998,187.07999999999998,187.19299999999998,20417
2026-07-30T08:00:00+00:00,187.19299999999998,187.35199999999998,187.18399999999997,187.28899999999996,18762
2026-07-30T09:00:00+00:00,187.28899999999996,187.34499999999997,187.13799999999998,187.16499999999996,22774
2026-07-30T10:00:00+00:00,187.16499999999996,187.16799999999998,186.24399999999997,186.74499999999998,45621
2026-07-30T11:00:00+00:00,186.74499999999998,186.87799999999996,186.67699999999996,186.86499999999998,23013
2026-07-30T12:00:00+00:00,186.86499999999998,186.94899999999996,186.72899999999996,186.88899999999998,31140
2026-07-30T13:00:00+00:00,186.88899999999998,186.89299999999997,184.01699999999997,184.02699999999996,84861
2026-07-30T14:00:00+00:00,184.02699999999996,184.17199999999997,182.04799999999997,183.16199999999998,97555
2026-07-30T15:00:00+00:00,183.16199999999998,183.68999999999997,182.77499999999998,183.66899999999998,40484
2026-07-30T16:00:00+00:00,183.66899999999998,183.94599999999997,183.64599999999996,183.90099999999998,29452
2026-07-30T17:00:00+00:00,183.90099999999998,184.07399999999996,182.61299999999997,183.24999999999997,34733
2026-07-30T18:00:00+00:00,183.24999999999997,183.37799999999996,183.15199999999996,183.23099999999997,24144
2026-07-30T19:00:00+00:00,183.23099999999997,183.77299999999997,183.23099999999997,183.68399999999997,17349
2026-07-30T20:00:00+00:00,183.68399999999997,183.92799999999997,183.66099999999997,183.81799999999996,10385
2026-07-30T21:00:00+00:00,183.81799999999996,183.833,183.57999999999998,183.831,1034.1235863189493
2026-07-30T22:00:00+00:00,183.831,184.01399999999998,183.61499999999998,183.904,12685
2026-07-30T23:00:00+00:00,183.904,184.462,183.821,184.42899999999997,20585
2026-07-31T00:00:00+00:00,184.42899999999997,184.93699999999998,184.41299999999998,184.74699999999999,35717
2026-07-31T01:00:00+00:00,184.74699999999999,184.867,184.547,184.849,29495
2026-07-31T02:00:00+00:00,184.849,184.849,184.546,184.61899999999997,18492
2026-07-31T03:00:00+00:00,184.61899999999997,185.004,184.575,184.76299999999998,21110
2026-07-31T04:00:00+00:00,184.76299999999998,184.88899999999998,184.70499999999998,184.75799999999998,16511
2026-07-31T05:00:00+00:00,184.75799999999998,184.78199999999998,184.60299999999998,184.63199999999998,24588
2026-07-31T06:00:00+00:00,184.63199999999998,184.69099999999997,184.12199999999999,184.44199999999998,45873
2026-07-31T07:00:00+00:00,184.44199999999998,184.86399999999998,184.30399999999997,184.30399999999997,40112
2026-07-31T08:00:00+00:00,184.30399999999997,184.563,182.552,182.94899999999998,49893
2026-07-31T09:00:00+00:00,182.94899999999998,184.011,182.59799999999998,183.92299999999997,62280
2026-07-31T10:00:00+00:00,183.92299999999997,184.053,183.765,183.86299999999997,25042
2026-07-31T11:00:00+00:00,183.86299999999997,183.98399999999998,183.78199999999998,183.84499999999997,24504
2026-07-31T12:00:00+00:00,183.84499999999997,184.12699999999998,183.79,184.08399999999997,22820
2026-07-31T13:00:00+00:00,184.08399999999997,184.20999999999998,182.38899999999998,182.725,73220
2026-07-31T14:00:00+00:00,182.725,183.23,182.033,183.04,67420
2026-07-31T15:00:00+00:00,183.04,183.224,182.589,183.17399999999998,44954
2026-07-31T16:00:00+00:00,183.17399999999998,183.391,183.08999999999997,183.38699999999997,18499
2026-07-31T17:00:00+00:00,183.38699999999997,183.61899999999997,182.285,182.658,50529
2026-07-31T18:00:00+00:00,182.658,183.236,182.46499999999997,183.059,40673
2026-07-31T19:00:00+00:00,183.059,183.404,183.059,183.39499999999998,26757
2026-07-31T20:00:00+00:00,183.39499999999998,183.404,181.195,181.305,57396
2026-08-02T21:00:00+00:00,181.305,181.81,181.305,181.752,3853
2026-08-02T22:00:00+00:00,181.752,181.77599999999998,181.254,181.54999999999998,24199
2026-08-02T23:00:00+00:00,181.54999999999998,182.124,181.279,181.801,23236
2026-08-03T00:00:00+00:00,181.801,182.04199999999997,179.248,180.08999999999997,87939
2026-08-03T01:00:00+00:00,180.08999999999997,180.367,179.313,180.206,60441
2026-08-03T02:00:00+00:00,180.206,180.50199999999998,180.08399999999997,180.32799999999997,24319
2026-08-03T03:00:00+00:00,180.32799999999997,180.45299999999997,180.099,180.356,18483
2026-08-03T04:00:00+00:00,180.356,180.43599999999998,180.22899999999998,180.35299999999998,17576
2026-08-03T05:00:00+00:00,180.35299999999998,180.40499999999997,180.25599999999997,180.32399999999998,15691
2026-08-03T06:00:00+00:00,180.32399999999998,180.694,180.253,180.60299999999998,20503
2026-08-03T07:00:00+00:00,180.60299999999998,180.635,180.33899999999997,180.58899999999997,28434
2026-08-03T08:00:00+00:00,180.58899999999997,180.78599999999997,180.361,180.77599999999998,32737
2026-08-03T09:00:00+00:00,180.77599999999998,181.04,180.659,180.89,29684
2026-08-03T10:00:00+00:00,180.89,180.89799999999997,180.42899999999997,180.58599999999998,32233
2026-08-03T11:00:00+00:00,180.58599999999998,180.81699999999998,180.41799999999998,180.563,27491
2026-08-03T12:00:00+00:00,180.563,180.70199999999997,180.46999999999997,180.67199999999997,31487
2026-08-03T13:00:00+00:00,180.67199999999997,180.743,180.07399999999998,180.243,50288
2026-08-03T14:00:00+00:00,180.243,180.33899999999997,179.92299999999997,180.152,46169
2026-08-03T15:00:00+00:00,180.152,180.57399999999998,180.118,180.55399999999997,27856
2026-08-03T16:00:00+00:00,180.55399999999997,180.557,180.1,180.41799999999998,19395
2026-08-03T17:00:00+00:00,180.41799999999998,180.50699999999998,180.384,180.49699999999999,14077
2026-08-03T18:00:00+00:00,180.49699999999999,180.56199999999998,180.296,180.386,27121
2026-08-03T19:00:00+00:00,180.386,180.56599999999997,180.37699999999998,180.54699999999997,15118
2026-08-03T20:00:00+00:00,180.54699999999997,180.82099999999997,180.47699999999998,180.72099999999998,12614
2026-08-03T21:00:00+00:00,180.72099999999998,180.831,180.713,180.831,2227
2026-08-03T22:00:00+00:00,180.831,181.05399999999997,180.802,180.99099999999999,5528
2026-08-03T23:00:00+00:00,180.99099999999999,181.31199999999998,180.90599999999998,181.16599999999997,10249
2026-08-04T00:00:00+00:00,181.16599999999997,181.19899999999998,180.884,181.099,28203
2026-08-04T01:00:00+00:00,181.099,181.34099999999998,181.09499999999997,181.33599999999998,24038
2026-08-04T02:00:00+00:00,181.33599999999998,181.445,181.32299999999998,181.39199999999997,20587
2026-08-04T03:00:00+00:00,181.39199999999997,181.39999999999998,181.14799999999997,181.31499999999997,18720
2026-08-04T04:00:00+00:00,181.31499999999997,181.32699999999997,181.13899999999998,181.22599999999997,9733
2026-08-04T05:00:00+00:00,181.22599999999997,181.36999999999998,181.15999999999997,181.36999999999998,16457
2026-08-04T06:00:00+00:00,181.36999999999998,181.40499999999997,181.21099999999998,181.34199999999998,22511
2026-08-04T07:00:00+00:00,181.34199999999998,181.569,181.31099999999998,181.54299999999998,20580
2026-08-04T08:00:00+00:00,181.54299999999998,181.575,181.414,181.48499999999999,21966
2026-08-04T09:00:00+00:00,181.48499999999999,181.66799999999998,181.469,181.61499999999998,20639
2026-08-04T10:00:00+00:00,181.61499999999998,181.68499999999997,181.546,181.605,25508
2026-08-04T11:00:00+00:00,181.605,181.624,181.16299999999998,181.22699999999998,37080
2026-08-04T12:00:00+00:00,181.22699999999998,181.355,181.06599999999997,181.27999999999997,30807
2026-08-04T13:00:00+00:00,181.27999999999997,181.31199999999998,181.064,181.29999999999998,36894
2026-08-04T14:00:00+00:00,181.29999999999998,181.49699999999999,181.225,181.439,33800
2026-08-04T15:00:00+00:00,181.439,181.505,181.21999999999997,181.35699999999997,27412
2026-08-04T16:00:00+00:00,181.35699999999997,181.43699999999998,181.28199999999998,181.39899999999997,19597
2026-08-04T17:00:00+00:00,181.39899999999997,181.53799999999998,181.36899999999997,181.515,17461
2026-08-04T18:00:00+00:00,181.515,181.718,181.51199999999997,181.70299999999997,20174
2026-08-04T19:00:00+00:00,181.70299999999997,181.874,181.69799999999998,181.81099999999998,21758
2026-08-04T20:00:00+00:00,181.81099999999998,181.826,181.72199999999998,181.72199999999998,11379
2026-08-04T21:00:00+00:00,181.72199999999998,181.83299999999997,181.67,181.75199999999998,3056
2026-08-04T22:00:00+00:00,181.75199999999998,181.825,181.71599999999998,181.79799999999997,3341
2026-08-04T23:00:00+00:00,181.79799999999997,181.85399999999998,181.70999999999998,181.75799999999998,4355
2026-08-05T00:00:00+00:00,181.75799999999998,181.826,181.474,181.57699999999997,27189
2026-08-05T01:00:00+00:00,181.57699999999997,181.64799999999997,181.52599999999998,181.60799999999998,26856
2026-08-05T02:00:00+00:00,181.60799999999998,181.69199999999998,181.42799999999997,181.51199999999997,31853
2026-08-05T03:00:00+00:00,181.51199999999997,181.60999999999999,181.47199999999998,181.51299999999998,29151
2026-08-05T04:00:00+00:00,181.51299999999998,181.777,181.47099999999998,181.75699999999998,20097
2026-08-05T05:00:00+00:00,181.75699999999998,181.789,181.695,181.737,25451
2026-08-05T06:00:00+00:00,181.737,181.90999999999997,181.652,181.85299999999998,24728
2026-08-05T07:00:00+00:00,181.85299999999998,181.879,181.701,181.85999999999999,25306
2026-08-05T08:00:00+00:00,181.85999999999999,182.05599999999998,181.83999999999997,181.94099999999997,20251
2026-08-05T09:00:00+00:00,181.94099999999997,182.02599999999998,181.89299999999997,181.92899999999997,25236
2026-08-05T10:00:00+00:00,181.92899999999997,181.998,181.862,181.874,18751
2026-08-05T11:00:00+00:00,181.874,181.944,181.75199999999998,181.91599999999997,29227
2026-08-05T12:00:00+00:00,181.91599999999997,181.975,181.801,181.878,28140
2026-08-05T13:00:00+00:00,181.878,181.95999999999998,181.64899999999997,181.748,33376
2026-08-05T14:00:00+00:00,181.748,181.903,181.664,181.856,34036
2026-08-05T15:00:00+00:00,181.856,181.92999999999998,181.76399999999998,181.92399999999998,33786
2026-08-05T16:00:00+00:00,181.92399999999998,182.01999999999998,181.861,182.01999999999998,29277
2026-08-05T17:00:00+00:00,182.01999999999998,182.11399999999998,181.97899999999998,182.11399999999998,21233
2026-08-05T18:00:00+00:00,182.11399999999998,182.13,182.04199999999997,182.057,22069
2026-08-05T19:00:00+00:00,182.057,182.088,182.01,182.07199999999997,19022
2026-08-05T20:00:00+00:00,182.07199999999997,182.17499999999998,182.05899999999997,182.129,13505
2026-08-05T21:00:00+00:00,182.129,182.146,181.98999999999998,182.034,5955
2026-08-05T22:00:00+00:00,182.034,182.10899999999998,182.034,182.08299999999997,2730
2026-08-05T23:00:00+00:00,182.08299999999997,182.08299999999997,181.98199999999997,182.03599999999997,4190
2026-08-06T00:00:00+00:00,182.03599999999997,182.225,182.03599999999997,182.164,20813
2026-08-06T01:00:00+00:00,182.164,182.18099999999998,182.01699999999997,182.06699999999998,14631
2026-08-06T02:00:00+00:00,182.06699999999998,182.10099999999997,182.02399999999997,182.05499999999998,13085
2026-08-06T03:00:00+00:00,182.05499999999998,182.10099999999997,182.01199999999997,182.051,9952
2026-08-06T04:00:00+00:00,182.051,182.06599999999997,182.01399999999998,182.063,7117
2026-08-06T05:00:00+00:00,182.063,182.10099999999997,182.01999999999998,182.07899999999998,8632
2026-08-06T06:00:00+00:00,182.07899999999998,182.14499999999998,182.04699999999997,182.09499999999997,13682
2026-08-06T07:00:00+00:00,182.09499999999997,182.14499999999998,181.97699999999998,182.129,15871
2026-08-06T08:00:00+00:00,182.129,182.15399999999997,182.01199999999997,182.08499999999998,12613
2026-08-06T09:00:00+00:00,182.08499999999998,182.09699999999998,182.022,182.04699999999997,12186
2026-08-06T10:00:00+00:00,182.04699999999997,182.094,181.99599999999998,182.08599999999998,11539
2026-08-06T11:00:00+00:00,182.08599999999998,182.21699999999998,182.07399999999998,182.13299999999998,16024
2026-08-06T12:00:00+00:00,182.13299999999998,182.17,182.04199999999997,182.087,15669
2026-08-06T13:00:00+00:00,182.087,182.189,182.06099999999998,182.112,21008
2026-08-06T14:00:00+00:00,182.112,182.451,182.093,182.38199999999998,26076
2026-08-06T15:00:00+00:00,182.38199999999998,182.522,182.36599999999999,182.43099999999998,26390
2026-08-06T16:00:00+00:00,182.43099999999998,182.51799999999997,182.153,182.49999999999997,18824
2026-08-06T17:00:00+00:00,182.49999999999997,182.505,182.36899999999997,182.415,12955
2026-08-06T18:00:00+00:00,182.415,182.43399999999997,182.33299999999997,182.343,11914
2026-08-06T19:00:00+00:00,182.343,182.475,182.32799999999997,182.41599999999997,13821
2026-08-06T20:00:00+00:00,182.41599999999997,182.511,182.40999999999997,182.43599999999998,7992
2026-08-06T21:00:00+00:00,182.43599999999998,182.48199999999997,182.38799999999998,182.456,1822
2026-08-06T22:00:00+00:00,182.456,182.52399999999997,182.45299999999997,182.474,2738
2026-08-06T23:00:00+00:00,182.474,182.487,182.40399999999997,182.45999999999998,4415
2026-08-07T00:00:00+00:00,182.45999999999998,182.57999999999998,182.451,182.504,15992
2026-08-07T01:00:00+00:00,182.504,182.52599999999998,182.22299999999998,182.32099999999997,15888
2026-08-07T02:00:00+00:00,182.32099999999997,182.37699999999998,182.314,182.36499999999998,8724
2026-08-07T03:00:00+00:00,182.36499999999998,182.462,182.35399999999998,182.433,7177
2026-08-07T04:00:00+00:00,182.433,182.457,182.39,182.40499999999997,8551
2026-08-07T05:00:00+00:00,182.40499999999997,182.42899999999997,182.32299999999998,182.33299999999997,7459
2026-08-07T06:00:00+00:00,182.33299999999997,182.37099999999998,182.29099999999997,182.36299999999997,12512
2026-08-07T07:00:00+00:00,182.36299999999997,182.47699999999998,182.28499999999997,182.42199999999997,14349
2026-08-07T08:00:00+00:00,182.42199999999997,182.462,182.37199999999999,182.39899999999997,13534
2026-08-07T09:00:00+00:00,182.39899999999997,182.487,182.39,182.46599999999998,12663
2026-08-07T10:00:00+00:00,182.46599999999998,182.509,182.30899999999997,182.374,14318
2026-08-07T11:00:00+00:00,182.374,182.499,182.35699999999997,182.49699999999999,12842
2026-08-07T12:00:00+00:00,182.49699999999999,182.581,181.18599999999998,182.033,63190
2026-08-07T13:00:00+00:00,182.033,182.24999999999997,181.89399999999998,182.20499999999998,41199
2026-08-07T14:00:00+00:00,182.20499999999998,182.385,182.11999999999998,182.35099999999997,35408
2026-08-07T15:00:00+00:00,182.35099999999997,182.38899999999998,181.91599999999997,181.99699999999999,38350
2026-08-07T16:00:00+00:00,181.99699999999999,182.01699999999997,181.78699999999998,181.89,30324
2026-08-07T17:00:00+00:00,181.89,181.975,181.85899999999998,181.97099999999998,13662
2026-08-07T18:00:00+00:00,181.97099999999998,182.13799999999998,181.95799999999997,182.09,13561
2026-08-07T19:00:00+00:00,182.09,182.16899999999998,182.004,182.06799999999998,19330
2026-08-07T20:00:00+00:00,182.06799999999998,182.369,182.03799999999998,182.253,14828
2026-08-09T21:00:00+00:00,182.253,182.304,182.155,182.201,977.1178938679776
2026-08-09T22:00:00+00:00,182.201,182.426,182.19,182.38899999999998,3990
2026-08-09T23:00:00+00:00,182.38899999999998,182.408,182.303,182.373,7072
2026-08-10T00:00:00+00:00,182.373,182.47199999999998,182.34099999999998,182.45999999999998,22650
2026-08-10T01:00:00+00:00,182.45999999999998,182.80499999999998,182.446,182.771,23925
2026-08-10T02:00:00+00:00,182.771,182.797,182.67499999999998,182.68099999999998,12627
2026-08-10T03:00:00+00:00,182.68099999999998,182.68699999999998,182.59,182.60999999999999,11187
2026-08-10T04:00:00+00:00,182.60999999999999,182.815,182.60999999999999,182.80599999999998,10448
2026-08-10T05:00:00+00:00,182.80599999999998,182.885,182.785,182.86499999999998,16782
2026-08-10T06:00:00+00:00,182.86499999999998,183,182.856,182.917,19196
2026-08-10T07:00:00+00:00,182.917,183.176,182.902,183.13,22605
2026-08-10T08:00:00+00:00,183.13,183.37,183.06799999999998,183.33499999999998,22070
2026-08-10T09:00:00+00:00,183.33499999999998,183.53799999999998,183.333,183.486,17279
2026-08-10T10:00:00+00:00,183.486,183.521,183.339,183.39,21297
2026-08-10T11:00:00+00:00,183.39,183.42999999999998,183.29899999999998,183.376,18927
2026-08-10T12:00:00+00:00,183.376,183.453,182.953,183.435,27112
2026-08-10T13:00:00+00:00,183.435,183.54899999999998,183.394,183.48499999999999,28475
2026-08-10T14:00:00+00:00,183.48499999999999,183.553,183.38,183.506,32336
2026-08-10T15:00:00+00:00,183.506,183.55599999999998,183.40099999999998,183.462,26952
2026-08-10T16:00:00+00:00,183.462,183.56099999999998,183.453,183.54299999999998,21493
2026-08-10T17:00:00+00:00,183.54299999999998,183.65099999999998,183.534,183.593,18485
2026-08-10T18:00:00+00:00,183.593,183.822,183.558,183.697,15694
2026-08-10T19:00:00+00:00,183.697,183.834,183.67,183.763,15727
2026-08-10T20:00:00+00:00,183.763,183.81799999999998,183.739,183.755,8417
2026-08-10T21:00:00+00:00,183.755,183.778,183.64,183.684,1570
2026-08-10T22:00:00+00:00,183.684,183.78699999999998,183.684,183.726,4124
2026-08-10T23:00:00+00:00,183.726,183.759,183.635,183.66299999999998,5701
2026-08-11T00:00:00+00:00,183.66299999999998,183.738,183.45,183.652,19754
2026-08-11T01:00:00+00:00,183.652,183.701,183.578,183.67999999999998,13429
2026-08-11T02:00:00+00:00,183.67999999999998,183.754,183.655,183.688,13158
2026-08-11T03:00:00+00:00,183.688,183.70999999999998,183.623,183.667,9799
2026-08-11T04:00:00+00:00,183.667,183.69299999999998,183.64,183.646,12444
2026-08-11T05:00:00+00:00,183.646,183.655,183.58499999999998,183.635,10887
2026-08-11T06:00:00+00:00,183.635,183.664,183.536,183.577,19312
2026-08-11T07:00:00+00:00,183.577,183.73499999999999,183.572,183.67499999999998,19099
2026-08-11T08:00:00+00:00,183.67499999999998,183.749,183.624,183.733,12639
2026-08-11T09:00:00+00:00,183.733,183.769,183.635,183.665,12196
2026-08-11T10:00:00+00:00,183.665,183.718,183.553,183.594,16778
2026-08-11T11:00:00+00:00,183.594,183.626,183.49699999999999,183.61599999999999,23098
2026-08-11T12:00:00+00:00,183.61599999999999,183.748,183.59699999999998,183.71599999999998,21022
2026-08-11T13:00:00+00:00,183.71599999999998,183.757,183.63,183.71599999999998,18466
2026-08-11T14:00:00+00:00,183.71599999999998,183.74599999999998,183.648,183.69799999999998,19114
2026-08-11T15:00:00+00:00,183.69799999999998,183.744,183.629,183.72299999999998,18600
2026-08-11T16:00:00+00:00,183.72299999999998,183.726,183.626,183.68599999999998,14096
2026-08-11T17:00:00+00:00,183.68599999999998,183.726,183.652,183.714,11628
2026-08-11T18:00:00+00:00,183.714,183.745,183.68699999999998,183.697,10076
2026-08-11T19:00:00+00:00,183.697,183.771,183.697,183.761,11067
2026-08-11T20:00:00+00:00,183.761,183.816,183.69799999999998,183.726,6465
2026-08-11T21:00:00+00:00,183.726,183.736,183.656,183.7,1346
2026-08-11T22:00:00+00:00,183.7,183.774,183.7,183.75,2334
2026-08-11T23:00:00+00:00,183.75,183.768,183.72799999999998,183.75199999999998,2866
2026-08-12T00:00:00+00:00,183.75199999999998,183.814,183.67399999999998,183.79,18641
2026-08-12T01:00:00+00:00,183.79,183.81,183.71599999999998,183.742,13992
2026-08-12T02:00:00+00:00,183.742,183.844,183.733,183.819,13459
2026-08-12T03:00:00+00:00,183.819,183.86499999999998,183.79399999999998,183.807,9153
2026-08-12T04:00:00+00:00,183.807,183.82299999999998,183.74699999999999,183.79399999999998,9383
2026-08-12T05:00:00+00:00,183.79399999999998,183.798,183.67,183.756,11219
2026-08-12T06:00:00+00:00,183.756,183.784,183.70999999999998,183.778,18665
2026-08-12T07:00:00+00:00,183.778,183.82299999999998,183.732,183.773,13960
2026-08-12T08:00:00+00:00,183.773,183.775,183.684,183.70399999999998,15171
2026-08-12T09:00:00+00:00,183.70399999999998,183.732,183.04399999999998,183.501,31660
2026-08-12T10:00:00+00:00,183.501,183.57399999999998,183.447,183.51,16718
2026-08-12T11:00:00+00:00,183.51,183.57,183.43599999999998,183.554,17348
2026-08-12T12:00:00+00:00,183.554,183.62,183.262,183.465,47332
2026-08-12T13:00:00+00:00,183.465,183.61499999999998,183.374,183.6,43829
2026-08-12T14:00:00+00:00,183.6,183.725,183.582,183.66799999999998,33497
2026-08-12T15:00:00+00:00,183.66799999999998,183.712,183.614,183.641,24026
2026-08-12T16:00:00+00:00,183.641,183.65699999999998,183.595,183.64,21910
2026-08-12T17:00:00+00:00,183.64,183.73399999999998,183.636,183.666,20391
2026-08-12T18:00:00+00:00,183.666,183.715,183.63400000000001,183.649,17020.694575350004
2026-08-12T19:00:00+00:00,183.649,183.678,183.608,183.668,17214
2026-08-12T20:00:00+00:00,183.668,183.69,183.601,183.601,12728
2026-08-12T21:00:00+00:00,183.601,183.618,183.556,183.573,1917.1641604278198
2026-08-12T22:00:00+00:00,183.573,183.66400000000002,183.573,183.61400000000003,1991.303792013789
2026-08-12T23:00:00+00:00,183.61400000000003,183.616,183.53900000000002,183.57800000000003,4383
2026-08-13T00:00:00+00:00,183.57800000000003,183.64300000000003,183.51800000000003,183.57500000000002,19625
2026-08-13T01:00:00+00:00,183.57500000000002,183.60200000000003,183.53300000000002,183.54700000000003,16127
2026-08-13T02:00:00+00:00,183.54700000000003,183.62600000000003,183.537,183.59500000000003,10117
2026-08-13T03:00:00+00:00,183.59500000000003,183.64800000000002,183.57600000000002,183.603,9688
2026-08-13T04:00:00+00:00,183.603,183.64200000000002,183.33200000000002,183.45000000000002,15456
2026-08-13T05:00:00+00:00,183.45000000000002,183.573,183.425,183.478,14071
2026-08-13T06:00:00+00:00,183.478,183.55200000000002,183.437,183.479,17278
2026-08-13T07:00:00+00:00,183.479,183.60000000000002,183.467,183.57700000000003,17293
2026-08-13T08:00:00+00:00,183.57700000000003,183.64700000000002,183.55200000000002,183.60000000000002,15502
2026-08-13T09:00:00+00:00,183.60000000000002,183.70200000000003,183.591,183.687,14535
2026-08-13T10:00:00+00:00,183.687,183.75000000000003,183.686,183.716,13156
2026-08-13T11:00:00+00:00,183.716,183.72400000000002,183.63400000000001,183.67600000000002,16704
2026-08-13T12:00:00+00:00,183.67600000000002,183.693,183.55400000000003,183.64800000000002,25687
2026-08-13T13:00:00+00:00,183.64800000000002,183.68300000000002,183.57100000000003,183.604,30740
2026-08-13T14:00:00+00:00,183.604,183.72600000000003,183.44500000000002,183.64100000000002,35756
2026-08-13T15:00:00+00:00,183.64100000000002,183.73300000000003,183.63500000000002,183.645,26347
2026-08-13T16:00:00+00:00,183.645,183.787,183.633,183.77500000000003,17849
2026-08-13T17:00:00+00:00,183.77500000000003,183.82200000000003,183.73800000000003,183.79100000000003,14539
2026-08-13T18:00:00+00:00,183.79100000000003,183.81500000000003,183.75900000000001,183.79600000000002,10879
2026-08-13T19:00:00+00:00,183.79600000000002,183.82500000000002,183.776,183.80300000000003,9043
2026-08-13T20:00:00+00:00,183.80300000000003,183.842,183.741,183.746,5685
2026-08-13T21:00:00+00:00,183.746,183.80900000000003,183.69400000000002,183.75500000000002,3785
2026-08-13T22:00:00+00:00,183.75500000000002,183.836,183.75500000000002,183.78400000000002,2796
2026-08-13T23:00:00+00:00,183.78400000000002,183.824,183.77700000000002,183.782,2705
2026-08-14T00:00:00+00:00,183.782,183.87300000000002,183.75100000000003,183.787,17033
2026-08-14T01:00:00+00:00,183.787,183.84500000000003,183.75300000000001,183.80300000000003,13704
2026-08-14T02:00:00+00:00,183.80300000000003,183.82600000000002,183.735,183.77400000000003,8228
2026-08-14T03:00:00+00:00,183.77400000000003,183.80700000000002,183.72700000000003,183.77800000000002,9162
2026-08-14T04:00:00+00:00,183.77800000000002,183.799,183.75100000000003,183.77200000000002,7765
2026-08-14T05:00:00+00:00,183.77200000000002,183.78100000000003,183.59400000000002,183.71400000000003,10572
2026-08-14T06:00:00+00:00,183.71400000000003,183.73900000000003,183.59000000000003,183.73300000000003,17905
2026-08-14T07:00:00+00:00,183.73300000000003,183.835,183.705,183.79600000000002,17291
2026-08-14T08:00:00+00:00,183.79600000000002,183.84400000000002,183.64300000000003,183.84000000000003,18396
2026-08-14T09:00:00+00:00,183.84000000000003,183.847,183.71,183.78000000000003,12832
2026-08-14T10:00:00+00:00,183.78000000000003,183.841,183.72000000000003,183.83900000000003,12186
2026-08-14T11:00:00+00:00,183.83900000000003,183.99900000000002,183.83700000000002,183.91500000000002,17462
2026-08-14T12:00:00+00:00,183.91500000000002,183.93300000000002,183.497,183.705,33547
2026-08-14T13:00:00+00:00,183.705,183.97700000000003,183.68200000000002,183.95800000000003,33789
2026-08-14T14:00:00+00:00,183.95800000000003,184.08900000000003,183.94600000000003,184.06400000000002,29144
2026-08-14T15:00:00+00:00,184.06400000000002,184.30200000000002,184.01900000000003,184.27400000000003,24744
2026-08-14T16:00:00+00:00,184.27400000000003,184.35200000000003,184.26600000000002,184.30200000000002,16311
2026-08-14T17:00:00+00:00,184.30200000000002,184.31000000000003,184.17900000000003,184.198,12106
2026-08-14T18:00:00+00:00,184.198,184.25400000000002,184.17700000000002,184.229,8189
2026-08-14T19:00:00+00:00,184.229,184.28300000000002,184.217,184.25300000000001,9033
2026-08-14T20:00:00+00:00,184.25300000000001,184.26000000000002,184.18400000000003,184.22400000000002,5356
2026-08-16T21:00:00+00:00,184.22400000000002,184.31300000000002,184.19800000000004,184.25800000000004,1617.3217024282264
2026-08-16T22:00:00+00:00,184.25800000000004,184.41600000000003,184.25000000000003,184.25200000000004,5782
2026-08-16T23:00:00+00:00,184.25200000000004,184.348,184.24200000000002,184.32900000000004,5695
2026-08-17T00:00:00+00:00,184.32900000000004,184.36700000000005,184.16900000000004,184.18800000000005,20802
2026-08-17T01:00:00+00:00,184.18800000000005,184.31800000000004,184.16000000000003,184.29100000000003,18046
2026-08-17T02:00:00+00:00,184.29100000000003,184.30600000000004,184.17300000000003,184.20700000000002,16322
2026-08-17T03:00:00+00:00,184.20700000000002,184.33900000000003,184.20700000000002,184.33000000000004,13677
2026-08-17T04:00:00+00:00,184.33000000000004,184.39400000000003,184.31700000000004,184.38000000000002,12856
2026-08-17T05:00:00+00:00,184.38000000000002,184.38600000000002,184.24800000000005,184.37600000000003,17214
2026-08-17T06:00:00+00:00,184.37600000000003,184.40300000000005,184.31900000000005,184.37000000000003,19590
2026-08-17T07:00:00+00:00,184.37000000000003,184.57600000000002,184.29700000000003,184.53000000000003,25429
2026-08-17T08:00:00+00:00,184.53000000000003,184.67800000000003,184.51500000000004,184.61000000000004,23222
2026-08-17T09:00:00+00:00,184.61000000000004,184.67600000000004,184.56300000000005,184.63100000000003,14541
2026-08-17T10:00:00+00:00,184.63100000000003,184.63600000000002,184.51000000000005,184.55000000000004,18839
2026-08-17T11:00:00+00:00,184.55000000000004,184.64700000000005,184.52500000000003,184.63900000000004,15754
2026-08-17T12:00:00+00:00,184.63900000000004,184.73400000000004,184.59900000000005,184.72800000000004,19588
2026-08-17T13:00:00+00:00,184.72800000000004,184.80900000000003,184.69800000000004,184.70100000000002,23905
2026-08-17T14:00:00+00:00,184.70100000000002,184.73000000000005,184.57100000000003,184.60700000000003,27428
2026-08-17T15:00:00+00:00,184.60700000000003,184.73300000000003,184.57900000000004,184.72300000000004,23213
2026-08-17T16:00:00+00:00,184.72300000000004,184.76700000000002,184.69000000000003,184.72000000000003,16848
2026-08-17T17:00:00+00:00,184.72000000000003,184.76400000000004,184.67700000000002,184.68800000000005,18813
2026-08-17T18:00:00+00:00,184.68800000000005,184.74800000000005,184.67600000000004,184.73200000000003,18803
2026-08-17T19:00:00+00:00,184.73200000000003,184.74100000000004,184.62200000000004,184.67900000000003,13778
2026-08-17T20:00:00+00:00,184.67900000000003,184.71900000000002,184.66200000000003,184.66700000000003,16854
2026-08-17T21:00:00+00:00,184.66700000000003,184.72200000000004,184.52800000000002,184.64700000000002,1518.0621506331368
2026-08-17T22:00:00+00:00,184.64700000000002,184.747,184.64700000000002,184.66600000000003,2639
2026-08-17T23:00:00+00:00,184.66600000000003,184.67400000000004,184.61800000000002,184.63700000000003,4142
2026-08-18T00:00:00+00:00,184.63700000000003,184.81800000000004,184.63100000000003,184.74900000000002,17535
2026-08-18T01:00:00+00:00,184.74900000000002,184.80800000000002,184.71800000000002,184.78900000000002,16384
2026-08-18T02:00:00+00:00,184.78900000000002,184.81500000000003,184.69700000000003,184.74500000000003,14906
2026-08-18T03:00:00+00:00,184.74500000000003,184.76300000000003,184.69900000000004,184.74200000000002,12420
2026-08-18T04:00:00+00:00,184.74200000000002,184.94000000000003,184.73800000000003,184.88000000000002,13608
2026-08-18T05:00:00+00:00,184.88000000000002,184.89300000000003,184.81700000000004,184.86800000000002,11678
2026-08-18T06:00:00+00:00,184.86800000000002,184.94900000000004,184.81700000000004,184.91400000000002,17876
2026-08-18T07:00:00+00:00,184.91400000000002,184.99800000000002,184.90700000000004,184.94900000000004,17590
2026-08-18T08:00:00+00:00,184.94900000000004,184.95200000000003,184.87100000000004,184.92800000000003,14476
2026-08-18T09:00:00+00:00,184.92800000000003,184.93300000000002,184.842,184.90300000000002,13776
2026-08-18T10:00:00+00:00,184.90300000000002,184.967,184.86100000000002,184.96400000000003,13283
2026-08-18T11:00:00+00:00,184.96400000000003,184.98800000000003,184.92800000000003,184.96400000000003,11604
2026-08-18T12:00:00+00:00,184.96400000000003,184.97500000000002,184.87600000000003,184.89600000000002,16499
2026-08-18T13:00:00+00:00,184.89600000000002,184.95600000000002,184.87500000000003,184.88900000000004,22495
2026-08-18T14:00:00+00:00,184.88900000000004,184.94400000000002,184.79500000000002,184.86900000000003,28019
2026-08-18T15:00:00+00:00,184.86900000000003,184.91000000000003,184.80400000000003,184.88500000000002,22297
2026-08-18T16:00:00+00:00,184.88500000000002,184.94400000000002,184.86800000000002,184.87000000000003,14497
2026-08-18T17:00:00+00:00,184.87000000000003,184.87500000000003,184.83200000000002,184.85300000000004,12816
2026-08-18T18:00:00+00:00,184.85300000000004,184.86500000000004,184.82700000000003,184.84100000000004,10673
2026-08-18T19:00:00+00:00,184.84100000000004,184.90900000000002,184.82100000000003,184.872,13670
2026-08-18T20:00:00+00:00,184.872,184.88200000000003,184.82200000000003,184.82600000000002,7284
2026-08-18T21:00:00+00:00,184.82600000000002,184.89400000000003,184.75900000000001,184.79400000000004,3182.338326593722
2026-08-18T22:00:00+00:00,184.79400000000004,184.87100000000004,184.78300000000002,184.83000000000004,3155
2026-08-18T23:00:00+00:00,184.83000000000004,184.84100000000004,184.76100000000002,184.78800000000004,5537
2026-08-19T00:00:00+00:00,184.78800000000004,184.78800000000004,184.63200000000003,184.65300000000002,21625
2026-08-19T01:00:00+00:00,184.65300000000002,184.717,184.63800000000003,184.68800000000002,18976
2026-08-19T02:00:00+00:00,184.68800000000002,184.71500000000003,184.61900000000003,184.66700000000003,18141
2026-08-19T03:00:00+00:00,184.66700000000003,184.75800000000004,184.66700000000003,184.72200000000004,12802
2026-08-19T04:00:00+00:00,184.72200000000004,184.72800000000004,184.57900000000004,184.68500000000003,13957
2026-08-19T05:00:00+00:00,184.68500000000003,184.717,184.55700000000002,184.68600000000004,15232
2026-08-19T06:00:00+00:00,184.68600000000004,184.77000000000004,184.59300000000002,184.72700000000003,21720
2026-08-19T07:00:00+00:00,184.72700000000003,184.74500000000003,184.60300000000004,184.65500000000003,20111
2026-08-19T08:00:00+00:00,184.65500000000003,184.72400000000002,184.57700000000003,184.67900000000003,22195
2026-08-19T09:00:00+00:00,184.67900000000003,184.80700000000004,184.67900000000003,184.72500000000002,19949
2026-08-19T10:00:00+00:00,184.72500000000002,184.78800000000004,184.68300000000002,184.73500000000004,16469
2026-08-19T11:00:00+00:00,184.73500000000004,184.76800000000003,184.69800000000004,184.72600000000003,18758
2026-08-19T12:00:00+00:00,184.72600000000003,184.74000000000004,184.00000000000003,184.60900000000004,53844
2026-08-19T13:00:00+00:00,184.60900000000004,184.83000000000004,184.50900000000004,184.75800000000004,56510
2026-08-19T14:00:00+00:00,184.75800000000004,184.81900000000005,184.61600000000004,184.76400000000004,52348
2026-08-19T15:00:00+00:00,184.76400000000004,184.92200000000003,184.76400000000004,184.89600000000004,32247
2026-08-19T16:00:00+00:00,184.89600000000004,184.96700000000004,184.84400000000002,184.88800000000003,24367
2026-08-19T17:00:00+00:00,184.88800000000003,185.01700000000002,184.87600000000003,184.98400000000004,23748
2026-08-19T18:00:00+00:00,184.98400000000004,184.99900000000002,184.83100000000002,184.89100000000002,23828
2026-08-19T19:00:00+00:00,184.89100000000002,184.92800000000003,184.67300000000003,184.75400000000002,30379
2026-08-19T20:00:00+00:00,184.75400000000002,184.82100000000003,184.69100000000003,184.74500000000003,8651
2026-08-19T21:00:00+00:00,184.74500000000003,184.76000000000002,184.65300000000002,184.68100000000004,1574.6296757130935
2026-08-19T22:00:00+00:00,184.68100000000004,184.77900000000002,184.65200000000004,184.76800000000003,4849
2026-08-19T23:00:00+00:00,184.76800000000003,184.84400000000002,184.76800000000003,184.83900000000003,9854
2026-08-20T00:00:00+00:00,184.83900000000003,185.01800000000003,184.80300000000003,185.00400000000002,31605
2026-08-20T01:00:00+00:00,185.00400000000002,185.19800000000004,184.99700000000004,185.18600000000004,29687
2026-08-20T02:00:00+00:00,185.18600000000004,185.20000000000005,185.03400000000002,185.05800000000002,24206
2026-08-20T03:00:00+00:00,185.05800000000002,185.14000000000004,185.04200000000003,185.11900000000003,17186
2026-08-20T04:00:00+00:00,185.11900000000003,185.28200000000004,185.10300000000004,185.18000000000004,13303
2026-08-20T05:00:00+00:00,185.18000000000004,185.32400000000004,185.16800000000003,185.30000000000004,17961
2026-08-20T06:00:00+00:00,185.30000000000004,185.31800000000004,185.13500000000002,185.17000000000004,24479
2026-08-20T07:00:00+00:00,185.17000000000004,185.36000000000004,185.06300000000005,185.33400000000003,27764
2026-08-20T08:00:00+00:00,185.33400000000003,185.54400000000004,185.28100000000003,185.49200000000002,27838
2026-08-20T09:00:00+00:00,185.49200000000002,185.49400000000003,185.31100000000004,185.44800000000004,28525
2026-08-20T10:00:00+00:00,185.44800000000004,185.46500000000003,185.35300000000004,185.44000000000003,24325
2026-08-20T11:00:00+00:00,185.44000000000003,185.54400000000004,185.42800000000003,185.46500000000003,27321
2026-08-20T12:00:00+00:00,185.46500000000003,185.56300000000005,185.45900000000003,185.51100000000002,35053
2026-08-20T13:00:00+00:00,185.51100000000002,185.53600000000003,185.42300000000003,185.50900000000004,38842
2026-08-20T14:00:00+00:00,185.50900000000004,185.57600000000002,185.48400000000004,185.51400000000004,33123
2026-08-20T15:00:00+00:00,185.51400000000004,185.66200000000003,185.34000000000003,185.60200000000003,45552
2026-08-20T16:00:00+00:00,185.60200000000003,185.77900000000002,185.59900000000002,185.68100000000004,27071
2026-08-20T17:00:00+00:00,185.68100000000004,185.77900000000002,185.65300000000002,185.76100000000002,17333
2026-08-20T18:00:00+00:00,185.76100000000002,185.89600000000004,185.75100000000003,185.89100000000002,16392
2026-08-20T19:00:00+00:00,185.89100000000002,185.91100000000003,185.85700000000003,185.89100000000002,14116
2026-08-20T20:00:00+00:00,185.89100000000002,185.90900000000002,185.80200000000002,185.80200000000002,11486
2026-08-20T21:00:00+00:00,185.80200000000002,185.86300000000003,185.75500000000002,185.80000000000004,2492
2026-08-20T22:00:00+00:00,185.80000000000004,185.87100000000004,185.78200000000004,185.78500000000003,4114
2026-08-20T23:00:00+00:00,185.78500000000003,185.81400000000002,185.74300000000002,185.78500000000003,8838
2026-08-21T00:00:00+00:00,185.78500000000003,186.01300000000003,185.75800000000004,185.95300000000003,21887
2026-08-21T01:00:00+00:00,185.95300000000003,186.00200000000004,185.87800000000004,185.89400000000003,21541
2026-08-21T02:00:00+00:00,185.89400000000003,186.02700000000004,185.87900000000002,186.00800000000004,17605
2026-08-21T03:00:00+00:00,186.00800000000004,186.09900000000002,185.99800000000002,186.01300000000003,10610
2026-08-21T04:00:00+00:00,186.01300000000003,186.04700000000003,185.96200000000002,186.00300000000004,10615
2026-08-21T05:00:00+00:00,186.00300000000004,186.02000000000004,185.86400000000003,185.87800000000004,17596
2026-08-21T06:00:00+00:00,185.87800000000004,185.96900000000002,185.81800000000004,185.95100000000002,19302
2026-08-21T07:00:00+00:00,185.95100000000002,185.98400000000004,185.64200000000002,185.75300000000004,22404
2026-08-21T08:00:00+00:00,185.75300000000004,185.82100000000003,185.60900000000004,185.63800000000003,25984
2026-08-21T09:00:00+00:00,185.63800000000003,185.70000000000005,185.51200000000003,185.64700000000002,27127
2026-08-21T10:00:00+00:00,185.64700000000002,185.83300000000003,185.62600000000003,185.78700000000003,20585
2026-08-21T11:00:00+00:00,185.78700000000003,185.86600000000004,185.58500000000004,185.75200000000004,29557
2026-08-21T12:00:00+00:00,185.75200000000004,185.76700000000002,185.64200000000002,185.67000000000004,25256
2026-08-21T13:00:00+00:00,185.67000000000004,185.71700000000004,185.56900000000005,185.57700000000003,25384
2026-08-21T14:00:00+00:00,185.57700000000003,185.67500000000004,185.53300000000004,185.62900000000002,27602
2026-08-21T15:00:00+00:00,185.62900000000002,185.78100000000003,185.61100000000002,185.74200000000002,27090
2026-08-21T16:00:00+00:00,185.74200000000002,185.79900000000004,185.70500000000004,185.77700000000004,19626
2026-08-21T17:00:00+00:00,185.77700000000004,185.82300000000004,185.77200000000002,185.81700000000004,12848
2026-08-21T18:00:00+00:00,185.81700000000004,185.87300000000002,185.81700000000004,185.86100000000002,9371
2026-08-21T19:00:00+00:00,185.86100000000002,185.86100000000002,185.74600000000004,185.77200000000002,9619
2026-08-21T20:00:00+00:00,185.77200000000002,185.78000000000003,185.67600000000004,185.69400000000002,6912
2026-08-23T21:00:00+00:00,185.588,185.60899999999998,185.148,185.32399999999998,1336
2026-08-23T22:00:00+00:00,185.32399999999998,185.63,185.32399999999998,185.59099999999998,4412
2026-08-23T23:00:00+00:00,185.59099999999998,185.653,185.57399999999998,185.60399999999998,5272
2026-08-24T00:00:00+00:00,185.60399999999998,185.65899999999996,185.44099999999997,185.47499999999997,26044
2026-08-24T01:00:00+00:00,185.47499999999997,185.60299999999998,185.47199999999998,185.55399999999997,20421
2026-08-24T02:00:00+00:00,185.55399999999997,185.62699999999998,185.53699999999998,185.59999999999997,17621
2026-08-24T03:00:00+00:00,185.59999999999997,185.65999999999997,185.59799999999998,185.63099999999997,15002
2026-08-24T04:00:00+00:00,185.63099999999997,185.63199999999998,185.49499999999998,185.58999999999997,17749
2026-08-24T05:00:00+00:00,185.58999999999997,185.63499999999996,185.58799999999997,185.60999999999999,15682
2026-08-24T06:00:00+00:00,185.60999999999999,185.71099999999998,185.52699999999996,185.70999999999998,23036
2026-08-24T07:00:00+00:00,185.70999999999998,185.79899999999998,185.64699999999996,185.69899999999998,25685
2026-08-24T08:00:00+00:00,185.69899999999998,185.76299999999998,185.65799999999996,185.66899999999998,22185
2026-08-24T09:00:00+00:00,185.66899999999998,185.71099999999998,185.61199999999997,185.69899999999998,17676
2026-08-24T10:00:00+00:00,185.69899999999998,185.72699999999998,185.60299999999998,185.70399999999998,20046
2026-08-24T11:00:00+00:00,185.70399999999998,185.74099999999999,185.53699999999998,185.57999999999998,27168
2026-08-24T12:00:00+00:00,185.57999999999998,185.60299999999998,185.45999999999998,185.59899999999996,30038
2026-08-24T13:00:00+00:00,185.59899999999996,185.75099999999998,185.58399999999997,185.59899999999996,29744
2026-08-24T14:00:00+00:00,185.59899999999996,185.72699999999998,185.56099999999998,185.71599999999998,30098
2026-08-24T15:00:00+00:00,185.71599999999998,185.73999999999998,185.65599999999998,185.67099999999996,25010
2026-08-24T16:00:00+00:00,185.67099999999996,185.67699999999996,185.52699999999996,185.55599999999998,23420
2026-08-24T17:00:00+00:00,185.55599999999998,185.57999999999998,185.47999999999996,185.56699999999998,24615
2026-08-24T18:00:00+00:00,185.56699999999998,185.67399999999998,185.55399999999997,185.66599999999997,17216
2026-08-24T19:00:00+00:00,185.66599999999997,185.66699999999997,185.58199999999997,185.60799999999998,14355
2026-08-24T20:00:00+00:00,185.60799999999998,185.63899999999998,185.53999999999996,185.53999999999996,9286
2026-08-24T21:00:00+00:00,185.53999999999996,185.60099999999997,185.43799999999996,185.54999999999998,1723
2026-08-24T22:00:00+00:00,185.54999999999998,185.60799999999998,185.52799999999996,185.58699999999996,1721
2026-08-24T23:00:00+00:00,185.58699999999996,185.68999999999997,185.54299999999998,185.67799999999997,5096
2026-08-25T00:00:00+00:00,185.67799999999997,185.74999999999997,185.64799999999997,185.74699999999999,27213
2026-08-25T01:00:00+00:00,185.74699999999999,185.78999999999996,185.64999999999998,185.75199999999998,17489
2026-08-25T02:00:00+00:00,185.75199999999998,185.85199999999998,185.73899999999998,185.82099999999997,16054
2026-08-25T03:00:00+00:00,185.82099999999997,185.84499999999997,185.77099999999996,185.78199999999998,11063
2026-08-25T04:00:00+00:00,185.78199999999998,185.78599999999997,185.57499999999996,185.67599999999996,11622
2026-08-25T05:00:00+00:00,185.67599999999996,185.73699999999997,185.64199999999997,185.67299999999997,13228
2026-08-25T06:00:00+00:00,185.67299999999997,185.77599999999998,185.64399999999998,185.75599999999997,19975
2026-08-25T07:00:00+00:00,185.75599999999997,185.89899999999997,185.74399999999997,185.88999999999996,20131
2026-08-25T08:00:00+00:00,185.88999999999996,185.95199999999997,185.86799999999997,185.91499999999996,26863
2026-08-25T09:00:00+00:00,185.91499999999996,185.92799999999997,185.83299999999997,185.84899999999996,25005
2026-08-25T10:00:00+00:00,185.84899999999996,185.87399999999997,185.71699999999998,185.76099999999997,16991
2026-08-25T11:00:00+00:00,185.76099999999997,185.78899999999996,185.66799999999995,185.67999999999995,20080
2026-08-25T12:00:00+00:00,185.67999999999995,185.84499999999997,185.64399999999995,185.84299999999996,21774
2026-08-25T13:00:00+00:00,185.84299999999996,185.88999999999996,185.77199999999996,185.86899999999997,28512
2026-08-25T14:00:00+00:00,185.86899999999997,185.91399999999996,185.80699999999996,185.84199999999996,29898
2026-08-25T15:00:00+00:00,185.84199999999996,185.90199999999996,185.81699999999995,185.85499999999996,26786
2026-08-25T16:00:00+00:00,185.85499999999996,185.90099999999995,185.82699999999997,185.90099999999995,20218
2026-08-25T17:00:00+00:00,185.90099999999995,185.92999999999995,185.86799999999997,185.87999999999997,12437
2026-08-25T18:00:00+00:00,185.87999999999997,185.91599999999997,185.85499999999996,185.88799999999998,9450
2026-08-25T19:00:00+00:00,185.88799999999998,185.914,185.753,185.82199999999997,16369
2026-08-25T20:00:00+00:00,185.82199999999997,185.90599999999998,185.795,185.856,9695
2026-08-25T21:00:00+00:00,185.856,185.89999999999998,185.80299999999997,185.82899999999998,1775
2026-08-25T22:00:00+00:00,185.82899999999998,185.91899999999995,185.82899999999998,185.90699999999995,2833
2026-08-25T23:00:00+00:00,185.90699999999995,185.92999999999998,185.88399999999996,185.88599999999997,3923
2026-08-26T00:00:00+00:00,185.88599999999997,185.92599999999996,185.76299999999998,185.80099999999996,23243
2026-08-26T01:00:00+00:00,185.80099999999996,185.81299999999996,185.54699999999997,185.62799999999996,26436
2026-08-26T02:00:00+00:00,185.62799999999996,185.62899999999996,185.46299999999997,185.57399999999996,25250
2026-08-26T03:00:00+00:00,185.57399999999996,185.57399999999996,185.35899999999998,185.43599999999998,21243
2026-08-26T04:00:00+00:00,185.43599999999998,185.49199999999996,185.41699999999997,185.47999999999996,19608
2026-08-26T05:00:00+00:00,185.47999999999996,185.50599999999997,185.45099999999996,185.49199999999996,15663
2026-08-26T06:00:00+00:00,185.49199999999996,185.58899999999997,185.47499999999997,185.58199999999997,20599
2026-08-26T07:00:00+00:00,185.58199999999997,185.62699999999998,185.51199999999997,185.60099999999997,22466
2026-08-26T08:00:00+00:00,185.60099999999997,185.64899999999997,185.52699999999996,185.60199999999998,25502
2026-08-26T09:00:00+00:00,185.60199999999998,185.61699999999996,185.46199999999996,185.49699999999996,21668
2026-08-26T10:00:00+00:00,185.49699999999996,185.58699999999996,185.47999999999996,185.54999999999995,19682
2026-08-26T11:00:00+00:00,185.54999999999995,185.66899999999995,185.54299999999998,185.64899999999997,20581
2026-08-26T12:00:00+00:00,185.64899999999997,185.70799999999997,185.52299999999997,185.61699999999996,27058
2026-08-26T13:00:00+00:00,185.61699999999996,185.76999999999995,185.60599999999997,185.75199999999998,34882
2026-08-26T14:00:00+00:00,185.75199999999998,185.75399999999996,185.61799999999997,185.64899999999997,34793
2026-08-26T15:00:00+00:00,185.64899999999997,185.71899999999997,185.64299999999997,185.68399999999997,27038
2026-08-26T16:00:00+00:00,185.68399999999997,185.76099999999997,185.66399999999996,185.73399999999995,22874
2026-08-26T17:00:00+00:00,185.73399999999995,185.77399999999994,185.71599999999995,185.75599999999994,16689
2026-08-26T18:00:00+00:00,185.75599999999994,185.76799999999994,185.71499999999997,185.73899999999998,17845
2026-08-26T19:00:00+00:00,185.73899999999998,185.75099999999998,185.68499999999997,185.70999999999998,19498
2026-08-26T20:00:00+00:00,185.70999999999998,185.73,185.60599999999997,185.60599999999997,11839
2026-08-26T21:00:00+00:00,185.60599999999997,185.63299999999998,185.53799999999998,185.61499999999998,2038
2026-08-26T22:00:00+00:00,185.61499999999998,185.68699999999998,185.611,185.63699999999997,2461
2026-08-26T23:00:00+00:00,185.63699999999997,185.65099999999998,185.58899999999997,185.629,4993
2026-08-27T00:00:00+00:00,185.629,185.635,185.48199999999997,185.56799999999998,22478
2026-08-27T01:00:00+00:00,185.56799999999998,185.70299999999997,185.54199999999997,185.67799999999997,19878
2026-08-27T02:00:00+00:00,185.67799999999997,185.79899999999998,185.677,185.737,14978
2026-08-27T03:00:00+00:00,185.737,185.75699999999998,185.70899999999997,185.73199999999997,10391
2026-08-27T04:00:00+00:00,185.73199999999997,185.78599999999997,185.72699999999998,185.767,8108
2026-08-27T05:00:00+00:00,185.767,185.796,185.70499999999998,185.75599999999997,14946
2026-08-27T06:00:00+00:00,185.75599999999997,185.772,185.71999999999997,185.73299999999998,16537
2026-08-27T07:00:00+00:00,185.73299999999998,185.761,185.65499999999997,185.753,18104
2026-08-27T08:00:00+00:00,185.753,185.761,185.59599999999998,185.60699999999997,20562
2026-08-27T09:00:00+00:00,185.60699999999997,185.72299999999998,185.55999999999997,185.67499999999998,20611
2026-08-27T10:00:00+00:00,185.67499999999998,185.73,185.64399999999998,185.65699999999998,17899
2026-08-27T11:00:00+00:00,185.65699999999998,185.67899999999997,185.59699999999998,185.63099999999997,20555
2026-08-27T12:00:00+00:00,185.63099999999997,185.66299999999998,185.57199999999997,185.599,25606
2026-08-27T13:00:00+00:00,185.599,185.838,185.588,185.74699999999999,29739
2026-08-27T14:00:00+00:00,185.74699999999999,185.754,185.516,185.55999999999997,30223
2026-08-27T15:00:00+00:00,185.55999999999997,185.66999999999996,185.55299999999997,185.62399999999997,22901
2026-08-27T16:00:00+00:00,185.62399999999997,185.65699999999995,185.57399999999996,185.63999999999996,16159
2026-08-27T17:00:00+00:00,185.63999999999996,185.72199999999995,185.63299999999995,185.72099999999995,12655
2026-08-27T18:00:00+00:00,185.72099999999995,185.75599999999994,185.70099999999994,185.74999999999994,11844
2026-08-27T19:00:00+00:00,185.74999999999994,185.77499999999995,185.70999999999995,185.73699999999994,9626
2026-08-27T20:00:00+00:00,185.73699999999994,185.77699999999996,185.72399999999996,185.75499999999994,6159
2026-08-27T21:00:00+00:00,185.75499999999994,185.75499999999994,185.573,185.683,1845
2026-08-27T22:00:00+00:00,185.683,185.736,185.683,185.698,2373
2026-08-27T23:00:00+00:00,185.698,185.722,185.647,185.655,3339
2026-08-28T00:00:00+00:00,185.655,185.713,185.641,185.71,14724
2026-08-28T01:00:00+00:00,185.71,185.766,185.672,185.733,16091
2026-08-28T02:00:00+00:00,185.733,185.758,185.664,185.757,11049
2026-08-28T03:00:00+00:00,185.757,185.781,185.696,185.702,7684
2026-08-28T04:00:00+00:00,185.702,185.757,185.7,185.742,7451
2026-08-28T05:00:00+00:00,185.742,185.793,185.729,185.757,10221
2026-08-28T06:00:00+00:00,185.757,185.793,185.682,185.697,18585
2026-08-28T07:00:00+00:00,185.697,185.788,185.648,185.761,16816
2026-08-28T08:00:00+00:00,185.761,185.853,185.759,185.811,15837
2026-08-28T09:00:00+00:00,185.811,185.885,185.8,185.874,14846
2026-08-28T10:00:00+00:00,185.874,185.977,185.855,185.961,13792
2026-08-28T11:00:00+00:00,185.961,185.987,185.919,185.919,13318
2026-08-28T12:00:00+00:00,185.919,185.931,185.791,185.89,19614
2026-08-28T13:00:00+00:00,185.89,185.914,185.798,185.819,20329
2026-08-28T14:00:00+00:00,185.819,185.856,185.429,185.73,66994
2026-08-28T15:00:00+00:00,185.73,185.757,185.52,185.541,37911
2026-08-28T16:00:00+00:00,185.541,185.647,185.491,185.617,30200
2026-08-28T17:00:00+00:00,185.617,185.618,185.476,185.503,19543
2026-08-28T18:00:00+00:00,185.503,185.509,185.437,185.444,16151
2026-08-28T19:00:00+00:00,185.444,185.499,185.385,185.465,13919
2026-08-28T20:00:00+00:00,185.465,185.477,185.4,185.421,8351
2026-08-30T21:00:00+00:00,185.296,185.402,185.253,185.393,866
2026-08-30T22:00:00+00:00,185.393,185.48499999999999,185.384,185.48,4119
2026-08-30T23:00:00+00:00,185.48,185.582,185.48,185.551,7491
2026-08-31T00:00:00+00:00,185.551,185.554,185.424,185.434,24124
2026-08-31T01:00:00+00:00,185.434,185.451,185.216,185.246,25447
2026-08-31T02:00:00+00:00,185.246,185.275,185.166,185.219,18250
2026-08-31T03:00:00+00:00,185.219,185.271,185.191,185.232,13648
2026-08-31T04:00:00+00:00,185.232,185.239,185.175,185.209,16608
2026-08-31T05:00:00+00:00,185.209,185.262,185.165,185.248,15889
2026-08-31T06:00:00+00:00,185.248,185.306,185.178,185.189,20841
2026-08-31T07:00:00+00:00,185.189,185.203,184.921,185.147,32045
2026-08-31T08:00:00+00:00,185.147,185.209,185.041,185.203,26634
2026-08-31T09:00:00+00:00,185.203,185.288,185.186,185.277,18444
2026-08-31T10:00:00+00:00,185.277,185.329,185.234,185.236,18573
2026-08-31T11:00:00+00:00,185.236,185.249,185.185,185.198,22499
2026-08-31T12:00:00+00:00,185.198,185.392,185.176,185.38,27474
2026-08-31T13:00:00+00:00,185.38,185.407,185.327,185.392,30363
2026-08-31T14:00:00+00:00,185.392,185.554,185.251,185.488,35680
2026-08-31T15:00:00+00:00,185.488,185.62,185.481,185.566,26712
2026-08-31T16:00:00+00:00,185.566,185.566,185.469,185.496,20336
2026-08-31T17:00:00+00:00,185.496,185.519,185.48,185.488,14763
2026-08-31T18:00:00+00:00,185.488,185.625,185.474,185.612,18869
2026-08-31T19:00:00+00:00,185.612,185.62,185.537,185.574,21851
2026-08-31T20:00:00+00:00,185.574,185.587,185.541,185.564,7745
2026-08-31T21:00:00+00:00,185.564,185.609,185.498,185.565,1121
2026-08-31T22:00:00+00:00,185.565,185.625,185.563,185.579,2925
2026-08-31T23:00:00+00:00,185.579,185.625,185.569,185.598,5498
2026-09-01T00:00:00+00:00,185.598,185.695,185.544,185.655,32400
2026-09-01T01:00:00+00:00,185.655,185.669,185.417,185.474,28285
2026-09-01T02:00:00+00:00,185.474,185.528,185.461,185.511,26286
2026-09-01T03:00:00+00:00,185.511,185.516,185.451,185.463,16411
2026-09-01T04:00:00+00:00,185.463,185.542,185.458,185.54,12625
2026-09-01T05:00:00+00:00,185.54,185.61,185.538,185.591,16366
2026-09-01T06:00:00+00:00,185.591,185.638,185.557,185.619,21563
2026-09-01T07:00:00+00:00,185.619,185.651,185.485,185.507,22674
2026-09-01T08:00:00+00:00,185.507,185.518,185.392,185.408,25690
2026-09-01T09:00:00+00:00,185.408,185.595,185.404,185.553,22322
2026-09-01T10:00:00+00:00,185.553,185.607,185.492,185.578,23806
2026-09-01T11:00:00+00:00,185.578,185.663,185.519,185.615,23518
2026-09-01T12:00:00+00:00,185.615,185.705,185.551,185.61,25106
2026-09-01T13:00:00+00:00,185.61,185.704,185.563,185.635,22788
2026-09-01T14:00:00+00:00,185.635,185.721,185.522,185.626,34333
2026-09-01T15:00:00+00:00,185.626,185.655,185.482,185.511,24925
2026-09-01T16:00:00+00:00,185.511,185.617,185.473,185.563,24681
2026-09-01T17:00:00+00:00,185.563,185.709,185.558,185.683,18975
2026-09-01T18:00:00+00:00,185.683,185.716,185.66,185.679,12643
2026-09-01T19:00:00+00:00,185.679,185.722,185.668,185.7,10641
2026-09-01T20:00:00+00:00,185.7,185.713,185.658,185.674,5342
2026-09-01T21:00:00+00:00,185.674,185.674,185.574,185.647,3754
2026-09-01T22:00:00+00:00,185.647,185.726,185.647,185.714,2928
2026-09-01T23:00:00+00:00,185.714,185.746,185.667,185.68,4855
2026-09-02T00:00:00+00:00,185.68,185.688,185.595,185.665,26331
2026-09-02T01:00:00+00:00,185.665,185.693,185.624,185.68900000000002,15369
2026-09-02T02:00:00+00:00,185.68900000000002,185.692,185.67100000000002,185.67700000000002,227
